t,ret_spx,ret_cmc,p_bear_spx,p_bull_spx,p_bear_cmc,p_bull_cmc,mu_est_spx_bear,var_est_spx_bear,mu_est_spx_bull,var_est_spx_bull,mu_est_cmc_bear,var_est_cmc_bear,mu_est_cmc_bull,var_est_cmc_bull,cov_est_bear,cov_est_bull,mu_mix_spx,mu_mix_cmc,var_mix_spx,var_mix_cmc,cov_mix,norm_mu_mix_spx,norm_mu_mix_cmc,norm_var_mix_spx,norm_var_mix_cmc,norm_cov_mix
1,0.0181015695550784,0.349276541,0.0982000000000008,0.901799999999933,0.3118,0.6882,0.0181015695550784,0.0,0.0181015695550784,0.0,0.349276541,0.0,0.349276541,0.0,0.0,0.0,0.0181015695550772,0.349276541,0.0,0.0,0.0,0.0,0.0,0.0,0.0,0.0
2,-0.0148640830663478,-0.095864271,0.914999999999932,0.0850000000000004,0.5972,0.4028,-0.011669030670548,9.511862757528402e-05,0.0152620068546107,8.5544921250487e-05,0.0568253936662266,0.0446542676176471,0.1849294107767186,0.046147635784833,0.0022408552416237,0.002343063360887,-0.0093798924809087,0.1084256917583327,9.430486253766984e-05,0.0452557963153895,0.0022657838019119,-0.7071067811865475,-0.7071067811865476,0.7071067811865476,0.7071067811865476,0.7071067811865476
3,0.0192443955106487,-0.140068143,0.896599999999934,0.103400000000001,0.4676,0.5324,0.0028439957793738,0.0002884824120812,0.0156397164372876,7.879293651384377e-05,-0.0100549039838733,0.0381815432611768,0.0783452678478502,0.0542927551221761,0.0004980558871802,0.0011616089287252,0.0041670732954019,0.0370093474993362,0.0002668005203075,0.0467591524559728,0.0007089993990873,-0.0094007041279455,-0.7816771558361603,1.082305749801982,0.6054064561622415,-0.2438213109890561
4,-0.0336810196502686,0.150947101,0.0924000000000006,0.907599999999933,0.5188,0.4812,0.0011583942282305,0.0003338945392847,-0.0067666806360258,0.000646050693672,0.0340138098420386,0.0328837700272018,0.0949450977978713,0.0428087735282391,-0.0003715603489483,0.0011774051944095,-0.006034403718568,0.0633339456063853,0.0006172074650065,0.0376596817119009,0.0007040413243593,-0.6272890149377438,-0.533011738693908,1.3705936762255182,0.2384847603122262,-0.2253080881199408
5,0.0454198569160198,0.116485141,0.676199999999958,0.323799999999997,0.471,0.529,0.0123328271245429,0.0006193269298047,0.0005119206989815,0.0008828111735894,0.0504286158661257,0.027423004214023,0.099271754410085,0.0342844341770072,0.0009133528807511,0.0007689640642989,0.0085052176239455,0.0762666361558801,0.0007046431279421,0.0310527006644416,0.0008517854894158,0.4886235282757575,-0.3985115479517122,1.177088747281319,-0.0573874926623375,-0.0655039181344335
6,0.0122737632729262,0.221237077,0.350999999999994,0.648999999999961,0.3466,0.6534,0.0123259837192754,0.0005475692650005,0.0030815819897948,0.0007135603401912,0.0722502939453741,0.0271707130045613,0.1235163974828719,0.0298384715836652,0.0008751563079664,0.0006582144602475,0.0063263669968422,0.1057475659967751,0.0006552974727992,0.0289138264601477,0.0007338837767318,0.2702845579638651,-0.1545044240430115,0.861031219749427,-0.1576477809813626,-0.192591503456897
7,-0.0071721211872404,0.149792015,0.352599999999994,0.647399999999961,0.5872,0.4128,0.0102931535034156,0.0005259848167098,0.0012467982869721,0.0006013237195115,0.0860471846196594,0.0232157462522373,0.1264480626839829,0.0265777225858218,0.0005424434742796,0.0005819049818561,0.0044365431362899,0.1027246670846121,0.0005747592223835,0.0246035700827409,0.0005633620194458,0.076896583700959,-0.1695198302671362,0.5466915647014087,-0.3795106601983702,-0.3897846623138872
8,-0.0247646223291689,-0.219649001,0.230800000000005,0.769199999999948,0.5058,0.4942,0.0080535236700008,0.0005658833183081,-0.0033137379862626,0.0005937222337118,0.0454215591108775,0.0308991370198794,0.0856657143595613,0.035897387651916,0.0012269955776497,0.001870741254932,-0.0006901739959967,0.065310220634777,0.0005872970120365,0.0333692724822318,0.0016336497219888,-0.4484475210021091,-0.489526493962729,0.543894035545477,0.1647208330624164,1.0023699680881877
9,0.0080464768657027,0.067759252,0.328999999999996,0.670999999999959,0.718,0.282,0.0080529355126579,0.000518652206443,-0.0018067386256859,0.0005298102745071,0.0489667544014146,0.0260617856508321,0.0845375592243074,0.0336546845236561,0.0010892271223356,0.0016436546666631,0.0014370941658292,0.0589977213614703,0.0005261392701139,0.0282029831329684,0.0013534118472076,-0.1913575403838921,-0.5161495268762777,0.3037853313128285,-0.1775800929205103,0.5590054284268143
10,0.0260506701190817,0.146407424,0.168400000000003,0.831599999999941,0.4838,0.5162,0.0087903250576246,0.000510129979227,0.0021265394333565,0.0005491048986202,0.0583804282605535,0.0243726324844768,0.0909349840464725,0.0305296269539375,0.0011753108579731,0.0015536296170236,0.0032487209324831,0.0751850899572448,0.0005425415221943,0.0275508730296124,0.0014302598696971,0.0310525117588221,-0.3259601279575104,0.3477616844373649,-0.2141508007018736,0.6274493182535202
11,-0.0076981785287255,0.035002412,0.153400000000002,0.846599999999939,0.455,0.545,0.0081970854361436,0.0005012057207876,0.0008918137302067,0.0004907021858847,0.0564332587872885,0.0223843502997159,0.0854298096324496,0.027802354030439,0.0011063221751281,0.0014598214907236,0.0020124424098973,0.0722363789979013,0.0004923134281387,0.0253371623329599,0.0013522869989194,-0.1254152765260043,-0.3418515192746769,0.1376591604447826,-0.3655609829502446,0.4795340686235285
12,0.0155791042701043,-0.06367824,0.886199999999935,0.113800000000001,0.2594,0.7406,0.0094674153694722,0.0004227199200647,0.0011358086009317,0.0004860744104873,0.0509883385144175,0.0219939684999005,0.0678393445717926,0.0268359306646099,0.0009160992049066,0.001266275423798,0.0085192785192116,0.0634681936005095,0.0004299296610747,0.0255799256790842,0.0010656944856169,0.7234498358064312,-0.4239166503965205,-0.1240056467294518,-0.3308705847455783,0.0176063875336673
13,0.0113405649840583,0.092868877,0.0932000000000006,0.906799999999933,0.2316,0.7684,0.0095007126313603,0.000415266877981,0.0023287534363344,0.0004400024861048,0.0526174716249118,0.0212039884398738,0.0705688573187817,0.0239702953297406,0.0008980749195586,0.0011212306514016,0.0029971800333106,0.0664113163920814,0.0004376971274276,0.0233296186540474,0.0010849901605502,-0.0530422550451171,-0.3716995031340539,-0.0859700372986861,-0.4954358470514103,0.048369320323393
14,0.026737167595833,0.021270004,0.921599999999931,0.0784000000000002,0.2054,0.7946,0.0120775411190574,0.0003909603415434,0.0025729808746407,0.0004415014355026,0.0515720810140927,0.020528545017729,0.0655728277239567,0.0217624430741395,0.0008277635091559,0.001004317786655,0.0113323835958942,0.0626970743497506,0.0003949227633097,0.0215090004133527,0.0009048294512842,1.078678669303152,-0.402046220412326,-0.2756423068224243,-0.6211325889533231,-0.2594545424049489
15,0.0136322942732292,0.122400003,0.0958000000000007,0.904199999999933,0.1528,0.8472,0.0121013327860707,0.0003850140807419,0.0037171786840374,0.0004071685008135,0.0532866732953738,0.0201500940956497,0.0711142622191068,0.0199245008612532,0.0008209353967746,0.0009245115613888,0.0045203806470119,0.0683902066315604,0.0004050461073706,0.0199589715074689,0.0009116370441272,0.0836803123317596,-0.3159026658728321,-0.2189760601389246,-0.7200985669940686,-0.2387131180071385
16,-0.0012671579440048,-0.180789209,0.0860000000000004,0.913999999999932,0.1742,0.8258,0.0119201765080569,0.0003821857273883,0.0032452631625707,0.0003707473888387,0.0470000927557892,0.0210409384167695,0.0492489837254724,0.0232248988109801,0.000837495123698,0.0010082795399872,0.0039913057102822,0.0488572269185535,0.0003717310859539,0.0228444529103086,0.0009860604874279,0.0036154342799955,-0.5571966353027644,-0.3731993218034868,-0.4429853582307315,-0.0947964270087493
17,0.0002391961153236,0.139410389,0.0808000000000003,0.919199999999931,0.539,0.461,0.0117733282357559,0.0003790748198229,0.0029839154751247,0.0003392319099796,0.0540901613197631,0.0200315240490995,0.0534159252011468,0.0225098599743848,0.000776462375059,0.0009171562819651,0.0036941000261834,0.0537793384690809,0.0003424512170949,0.021174036910656,0.0008735552402148,-0.0416740657579737,-0.4717189278897823,-0.5058178969642843,-0.5747936695733511,-0.3055786522718938
18,0.0122253915245985,0.096646723,0.924799999999931,0.0752000000000001,0.4428,0.5572,0.0118301927800325,0.0003314138876449,0.0030491820978633,0.0003374350326023,0.0566134668248527,0.0189448113619567,0.0557030691940752,0.0214126101610279,0.0007172542511058,0.0008946076397073,0.0111698607767325,0.0561061932649834,0.0003318666777456,0.0203198688527991,0.0007733333925815,1.092143208413506,-0.4246038936082735,-0.5420373130315884,-0.6303969806855025,-0.490688430568611
19,-0.013977589861506,-0.047416385,0.0844000000000004,0.915599999999932,0.3138,0.6862,0.0115372853443182,0.0003351259766279,0.0017010109049823,0.0003318545352682,0.0524184775546788,0.0185996706624271,0.0493954111501845,0.0207134895119315,0.0007448961753891,0.0009796176711373,0.0025311924676621,0.0503440493879148,0.0003321306449189,0.020050173156957,0.0009328846213338,-0.2838686151201751,-0.4922637052056517,-0.5227628286709898,-0.6323400782991281,-0.1570725069764262
20,-0.0043195411201164,-0.409218863,0.103200000000001,0.896799999999934,0.251,0.749,0.0113202414041716,0.0003339333831707,0.0012676996905663,0.0003103913123279,0.0379937473884573,0.0244694100726469,0.0206917802809345,0.031757075431047,0.0008282920370179,0.0011615003033632,0.0023051219954102,0.0250345740249227,0.0003128208540388,0.0299278714260885,0.0011024891193934,-0.3125063164141248,-0.8319315848329275,-0.6081025157771717,0.3272611745711251,0.1979409341699849
21,0.0115432321737483,-0.033776816,0.0846000000000004,0.915399999999932,0.7012,0.2988,0.011322715764643,0.0003302285217859,0.001970926595507,0.0002958805561997,0.0322317232245019,0.0228852520299554,0.0193649242097831,0.0310539838928078,0.0007650124702003,0.0010783992869622,0.0027620879592157,0.0283871236789039,0.0002987863940882,0.0253260691105757,0.0009552696066564,-0.2297927402461124,-0.75231394487057,-0.6634782545757278,-0.1318450660998226,-0.1199877651638141
22,0.006113434605238,0.095500367,0.926399999999931,0.0736000000000001,0.474,0.526,0.0107583251878328,0.000297072014991,0.0019935959033955,0.00029435478426,0.0354886017159861,0.021902639475638,0.0224955717166354,0.0300056134458503,0.0006871302598919,0.0010540603670392,0.0101132411124974,0.0286542679363276,0.0002968720268091,0.0261648037839696,0.0007971359060146,0.9914380870352764,-0.7223023472275192,-0.652589427368234,-0.0444476196349659,-0.4605568370602216
23,0.0041404143986749,-0.074117627,0.0760000000000001,0.923999999999931,0.3086,0.6914,0.0107000216592148,0.0002948372707037,0.0021316050236898,0.0002757092984829,0.0319343405111699,0.0215693269841221,0.0175414529044158,0.0289210795443776,0.0006749073733534,0.0009908143179499,0.0027828046879895,0.0219830980198601,0.0002771630243716,0.0266523287042827,0.0009300654125039,-0.267075174935485,-0.7950934748755585,-0.7405702898196888,0.0068645993017706,-0.1543804055833732
24,-0.0192520335471222,-0.04072756,0.0716,0.92839999999993,0.2976,0.7024,0.0104534686766697,0.0002997342718928,0.000834204061114,0.0002850412023393,0.0297309839877524,0.0210705167539895,0.0146563033418911,0.0276488631767973,0.0006944821887191,0.0010126971661453,0.0015229434075877,0.0191425283020994,0.0002860932261193,0.0256911472813697,0.0009539546813123,-0.4768476685446222,-0.8097936584836671,-0.6677270569648222,-0.0950059848204185,-0.0967100515542502
25,0.0270521920832643,-0.135941397,0.110200000000001,0.889799999999935,0.2362,0.7638,0.0106611317391336,0.0002993881786003,0.0022749984076955,0.0003050757687294,0.0258374258816763,0.0212052221523211,0.0069620156337828,0.0273357766099415,0.0006190458108146,0.0007690035582629,0.0031991503008198,0.0114203875343352,0.0003044489962971,0.0258877396470515,0.0007430308764048,-0.1727516450044736,-0.8959886691183521,-0.544915067909028,-0.0718675907215295,-0.5831621190255477
26,0.0165970023530129,0.056090888,0.102200000000001,0.897799999999934,0.405,0.595,0.0107292131227372,0.0002963538373524,0.0030274119003931,0.0002992584067291,0.027009322906938,0.0204178980259943,0.0088425194137385,0.0263782969748018,0.0006118394025243,0.0007584005255055,0.0038145359853164,0.0162000748284842,0.0002989615597387,0.0239643354005347,0.0007212326247174,-0.0589778748082451,-0.7953315082049098,-0.5632952050357035,-0.2829806365271186,-0.6189672726205112
27,0.0039463886764998,0.025206325,0.0858000000000004,0.914199999999932,0.249,0.751,0.010664524320829,0.000293962055034,0.003074076376871,0.00028410314995,0.0269673825386009,0.0199430217145811,0.009596662740482,0.0251743971192742,0.000601160562533,0.0007208974560195,0.0037253368104623,0.0139219719702136,0.0002849490440061,0.0238717846435056,0.0007008535000498,-0.074274536908777,-0.8055954389541131,-0.631730532278126,-0.2878653591070327,-0.6511961150322683
28,-0.0097485104896613,-0.093433184,0.0712,0.92879999999993,0.184,0.816,0.0105042384592441,0.0002949000552342,0.0024450162111426,0.0002778358646464,0.0249327673294698,0.0198468393813387,0.0046834836724678,0.0244559716804365,0.0006167457171202,0.000756609136498,0.0030188328352072,0.0084093518653561,0.0002790508350162,0.0236078913374025,0.0007387625641853,-0.2050715520798912,-0.8647208476962719,-0.6510512774858286,-0.3126290245318862,-0.5446704590755832
29,0.0193690378624574,0.039525879,0.0808000000000003,0.919199999999931,0.2464,0.7536,0.0105825336575061,0.0002929833961237,0.0032286588748014,0.0002776193611247,0.0252556956906096,0.0194122604651591,0.0061532253556747,0.0234734051910977,0.0006103133625703,0.0007431816862249,0.0038228519572437,0.0108600740462026,0.0002788607751526,0.0224727391306264,0.0007214444284749,-0.0482927206976007,-0.8021764375366072,-0.6364747921286021,-0.4386648588647355,-0.574652989034767
30,-0.00375387745399,0.184867126,0.073,0.926999999999931,0.168,0.832,0.0104690413449354,0.0002922782235571,0.0029171455304572,0.0002673119835522,0.0276280919368475,0.0194967581966272,0.0141057511529105,0.0237868547871742,0.0005839536252942,0.0006472336559559,0.0034684339249139,0.0163775044046119,0.0002691345190725,0.0230661185599623,0.0006396084122611,-0.11634941810508,-0.6961999914264009,-0.6805671569530407,-0.360207790952966,-0.7614557613223398
31,0.0093436555465107,0.086346011,0.0683999999999999,0.93159999999993,0.3258,0.6742,0.0104607552259003,0.0002901354605059,0.0031929116095793,0.0002575376042707,0.0292731995190822,0.0190444058990697,0.0166199929314556,0.0231342878691783,0.0005771322763233,0.0006351887997448,0.0036900321129354,0.0207424076377043,0.0002597672976371,0.0218018043233169,0.0006237458589784,-0.0706812044080769,-0.6119102525309107,-0.7217664101542995,-0.504922675408039,-0.7810218698842407
32,0.0070705914633251,0.127863798,0.93319999999993,0.0667999999999999,0.2288,0.7712,0.0101512863006108,0.0002646040103493,0.0032048062238159,0.000256793600899,0.0311756004613153,0.0188608653879709,0.020879186008261,0.0227042131937848,0.00053485905045,0.0006254378140285,0.0096872614314801,0.0232350056351198,0.000264082274998,0.0218248552158145,0.0005728115523893,1.1137170043020497,-0.5595991365908243,-0.6783563727911354,-0.4924106648083252,-0.8861946778906511
33,-0.005910466943499,0.038828268,0.0575999999999998,0.942399999999929,0.2202,0.7798,0.0100612957371358,0.000264558798673,0.0028267049784979,0.0002494453459655,0.0313151246542028,0.0185180404865078,0.0215481672980346,0.0218695631935779,0.0005269432645512,0.0005942474255764,0.0032434174061952,0.0236988513078628,0.0002503158808414,0.021131557893481,0.0005848988776099,-0.1940967536433779,-0.5412124229358364,-0.7488943285856808,-0.568025546370916,-0.8329223601020945
34,0.0151270659024743,0.001494772,0.93479999999993,0.0651999999999998,0.1876,0.8124,0.0104835260588861,0.0002444685508099,0.0028619034692435,0.0002491632528735,0.0308590132040896,0.0182481947379842,0.0207986145834882,0.0210665952833364,0.0004945446191463,0.0005787324263689,0.0099865962660406,0.022685945364713,0.0002447746453844,0.0205378633410283,0.0005314862289555,1.1565914717664991,-0.5475139783958825,-0.766456790966903,-0.6302765086292682,-0.9438831273257096
35,0.0057624557451578,0.058611766,0.0659999999999998,0.93399999999993,0.152,0.848,0.0104559062031318,0.0002431679596494,0.0029761225136097,0.0002396698603996,0.0311987370085687,0.0180341298945741,0.0222185249755211,0.0203272049764148,0.0004897718651502,0.0005583208720806,0.0034697882371179,0.0235835172045443,0.00023990073495,0.019978657563975,0.0005508490303251,-0.1788922913796046,-0.5227695223438589,-0.7798559292252696,-0.6872172213469598,-0.8710190275627011
36,-0.0170895887024169,-0.139240304,0.0661999999999998,0.93379999999993,0.1576,0.8424,0.0102952103940843,0.0002461499809001,0.0022160601613225,0.0002452649829449,0.0290626240793014,0.0181676221599901,0.0164122600331096,0.0204999728453285,0.0005215985885724,0.0006621077850762,0.0027508999067311,0.0184059574067894,0.0002453235698095,0.0201323943773191,0.0006463848059874,-0.3236859632693942,-0.5995266222834682,-0.7283899532984421,-0.6541328983935784,-0.610650644547464
37,-0.0057559943863712,0.048984133,0.0956000000000007,0.904399999999933,0.3082,0.6918,0.0101611137098516,0.000246227999936,0.0019339463547061,0.0002387550229395,0.0295392063232942,0.0177422652545383,0.0173465894156404,0.0199414877339886,0.0005089073857842,0.0006319351451424,0.0027204635538578,0.0211043539465793,0.0002394694395403,0.019263687365822,0.0006070958405279,-0.3252509971788292,-0.5434882543484032,-0.7508275783255003,-0.7510451782520235,-0.6994088027273306
38,0.005060442020591,-0.108130098,0.0728,0.927199999999931,0.196,0.804,0.0101288691024377,0.0002448348647373,0.0020434043965958,0.00023072649225,0.0274761140649132,0.0177561503630314,0.0132984670817784,0.019789694184836,0.0005042034993106,0.0006030180236332,0.0026320262271809,0.0160772858904728,0.000231753581767,0.0193911195957623,0.0005897373515642,-0.3391731954533576,-0.6193664444633415,-0.7850020078640749,-0.719651797308789,-0.7302293887513538
39,-0.0223418581554782,0.104184208,0.0549999999999998,0.944999999999929,0.263,0.737,0.0099745272133024,0.0002486588723321,0.0012032690248466,0.0002425584619533,0.028988198362989,0.0175198405107332,0.0159090677153714,0.019451706448573,0.0004710610406108,0.0005137442156062,0.0016856882252115,0.0193488790756948,0.0002428939845241,0.0189436257069211,0.0005069575907819,-0.5349598667744591,-0.5527011595337422,-0.696996894908972,-0.7628358465221597,-0.9275289336387716
40,0.0078414474222263,0.096757366,0.910599999999932,0.0894000000000005,0.212,0.788,0.0098189075445296,0.0002308255989302,0.0012248347099419,0.0002419131454795,0.0300481853438837,0.0173165211104712,0.0183180694187778,0.0190610727811959,0.0004480482771919,0.0005106924888607,0.0090505974331167,0.0208048539949002,0.0002318168255916,0.0186912278270022,0.0004755302928509,1.0447658875102313,-0.5186584089021594,-0.7563269577104299,-0.7802321989128596,-0.9860174786650052
41,0.0180604914622382,0.097367396,0.0687999999999999,0.93119999999993,0.1774,0.8226,0.0098640870586119,0.0002299305463421,0.0017758921437103,0.0002429686985629,0.0309179020494195,0.0171505961101199,0.0207027160836493,0.0186688838595051,0.0004518115999221,0.0005317136985253,0.0023323599538554,0.0225148900739769,0.00024207167369,0.0183995396127641,0.0005218777501872,-0.4139865679768492,-0.4808693347588679,-0.674759417292973,-0.802605042145032,-0.8443889124612602
42,0.0163108281282973,0.000718137,0.0637999999999998,0.93619999999993,0.1852,0.8148,0.0098966933340987,0.0002289767465076,0.0022389595799812,0.0002417442010959,0.0305160081610307,0.0169343341631741,0.0201228918801213,0.0181384840324464,0.0004445197564385,0.0005074314443779,0.0027275229934937,0.0220476970153457,0.0002409296374931,0.0179154754766571,0.0004995989392294,-0.3226888146580233,-0.4821659300387794,-0.6707625860242915,-0.8495074979761376,-0.8846167731212713
43,0.0132194561578931,0.052306837,0.0609999999999997,0.938999999999929,0.1484,0.8516,0.0099126842874763,0.0002279276635108,0.0025789679654169,0.0002378765063662,0.0307459234827301,0.016760616965045,0.0210701131576084,0.0176342296127667,0.0004423234978303,0.0005011192720293,0.0030263246610623,0.0225060034098564,0.000237269626952,0.0175045854958448,0.0004949633544706,-0.2530075827732864,-0.4671716616534956,-0.6839829273330041,-0.8857688375590309,-0.8784209235142549
44,0.0198116330672828,-0.002277772,0.0553999999999998,0.944599999999929,0.1408,0.8592,0.0099557617357035,0.0002273603520447,0.0030995400088594,0.0002393904750607,0.0304186109537653,0.0166051969739712,0.0203968108730222,0.0171409635896082,0.0004357634184945,0.0004753190865992,0.0034793746925263,0.0218078803243908,0.0002387240062455,0.0170655276501265,0.0004714386755581,-0.1492204369260538,-0.4733667840365849,-0.6629303400845225,-0.9247738626279112,-0.9216649775037092
45,-0.0031298731324405,0.040867628,0.93639999999993,0.0635999999999998,0.133,0.867,0.0090591942014583,0.0002227109881554,0.0030868954910735,0.0002389831662026,0.0305155311470276,0.0164521782632642,0.0209756596607112,0.0166677867788323,0.0004140239444737,0.0004656561892982,0.0086793560034771,0.0222444625683912,0.0002237458986791,0.0166391108462617,0.0004380484279905,1.0121970887726637,-0.4590681412700897,-0.7535696109043953,-0.9610550119140064,-0.989044148100708
46,0.0032214438313982,-0.091488073,0.940999999999929,0.0589999999999998,0.1346,0.8654,0.008683145248951,0.0002104185354376,0.0030871483692615,0.0002385340409248,0.0293809197137645,0.0164363153246777,0.0178885486419341,0.0165479165389462,0.0004206907759153,0.0004618749583648,0.0083529814330487,0.0194354217882024,0.0002120773502613,0.0165328950155056,0.0004397261050434,0.9189000100729188,-0.504661954022581,-0.8197604848783747,-0.95491623851684,-0.9636807958246963
47,-0.0222422843164196,-0.055589135,0.0555999999999998,0.944399999999929,0.1718,0.8282,0.0085658852388692,0.0002132332573494,0.002347390194933,0.0002497579531028,0.028384152486289,0.0163272059192338,0.0160077081610085,0.0162589945055875,0.0004349464087477,0.000501938659802,0.0026931385193756,0.0181339812960916,0.0002477271800188,0.0162707132264519,0.0004943216408571,-0.3677323999279441,-0.5220774569443749,-0.5621066091732227,-0.9696671815093372,-0.8023230903392934
48,-0.0123049033086637,0.001126301,0.100800000000001,0.899199999999934,0.1614,0.8386,0.0084233955010139,0.0002147310340659,0.0019509676143738,0.0002486520193459,0.0280870270672267,0.0161572412040005,0.0156317434196677,0.0158536798518674,0.0004349289237159,0.0004953229900595,0.002603388345347,0.0176420262003837,0.0002452327840296,0.0159026746541016,0.0004874053279618,-0.3838047908040982,-0.5244079513495464,-0.571727613117922,-0.9979566220381688,-0.8068370288371414
49,0.0375355189682107,-0.099396014,0.923999999999931,0.0760000000000001,0.152,0.848,0.0101380128032046,0.0002490602542826,0.0020321533245436,0.0002509670888177,0.0267916236041875,0.0161565252595001,0.0127663049156145,0.0157801455358777,0.0002983522090799,0.0004365639662282,0.0095219674828256,0.0148981533562775,0.0002492051737072,0.0158373552538683,0.0003622060408824,1.1933117478844288,-0.5691994424723753,-0.5363861456768861,-0.9863041752588024,-1.119739207125348
50,-0.0195834417406928,-0.040985031,0.166400000000003,0.833599999999941,0.2024,0.7976,0.0098260788755547,0.000255620133334,0.0015044434254544,0.0002559684177733,0.0258868023594222,0.0160013420101045,0.0115357281043887,0.0154835075539149,0.0003138598607434,0.0004561956306021,0.002889163564351,0.0144403855336074,0.0002559104632425,0.0155883172478476,0.0004299489146401,-0.3369617409774037,-0.5703972947273983,-0.4823883650500403,-0.9993414559342312,-0.9190980188954964
51,0.022501497776318,0.080870158,0.164800000000003,0.835199999999941,0.152,0.848,0.0099564759538117,0.0002546263014939,0.0020057738789038,0.0002601319880684,0.0264325785010905,0.0158722201172763,0.0131832635248914,0.0152271026146838,0.0003200716560415,0.0004756039480629,0.0033160495808485,0.0151971594012736,0.0002592246509209,0.0153251604750778,0.0004509676330066,-0.2349033777094885,-0.5486407094496989,-0.4530894915530821,-1.0140775467979792,-0.8475622456388304
52,0.0085104313611985,-0.099376704,0.108800000000001,0.891199999999934,0.1506,0.8494,0.0099467211330188,0.000252922637731,0.0021673766718715,0.0002546942810205,0.0252073219020667,0.0158702879658341,0.0105664639382971,0.015160801430666,0.0003152376528877,0.000450181738797,0.0030137693492441,0.0127713771476408,0.0002545015262305,0.0152676501028623,0.0004326794908545,-0.3029535667219757,-0.5883976539918735,-0.4817153855647497,-1.0019521355107528,-0.8818003957241503
53,-0.0188819352088334,-0.115365566,0.0659999999999998,0.93399999999993,0.18,0.82,0.0098292304375585,0.0002552651506695,0.0016332172695909,0.000259189374558,0.0235898476747551,0.0159124364258005,0.0078021647941236,0.0151684833262321,0.0003383900859488,0.0005056562654534,0.0021741541386766,0.0106439477126372,0.0002589303757813,0.0153023948841544,0.0004850825253743,-0.4967051188961859,-0.6220486081023253,-0.4442096473329204,-0.9786756886815948,-0.7284871522566806
54,-0.0030363770352828,-0.001401034,0.917599999999932,0.0824000000000003,0.2344,0.7656,0.0091393355440873,0.0002499769813346,0.0016227863822909,0.0002586589994533,0.0232209181707519,0.0156866118204435,0.0076173379488169,0.0148655231545357,0.0003327656546182,0.0005006884329086,0.0085199718931546,0.0112748171528384,0.0002506923796275,0.0150579863378244,0.0004039649126133,1.003916387679573,-0.6018855768727761,-0.4992641738066927,-0.9928851920804708,-0.9336585961579508
55,-0.0584906339684359,-0.192590314,0.944199999999929,0.0557999999999998,0.1618,0.8382,0.0056028097405559,0.0004635732306938,0.0015319909347308,0.0002637181014009,0.0210439423128717,0.0159934511919702,0.0033100178153602,0.0153895078190654,0.0007491180884364,0.0006394426239934,0.0053756580511904,0.0061793667990575,0.0004524213144792,0.0154872258568013,0.0007000931558303,0.2486504991594706,-0.6939255038376523,0.9837323063671826,-0.9191640516137118,-0.1220860164726425
56,0.0076808899902829,0.006013628,0.789999999999946,0.210000000000004,0.4726,0.5274,0.0056899192585109,0.0004443144778071,0.0015667456247401,0.0002624400141682,0.0206137609616288,0.0155419846867191,0.0033461274804546,0.0151840604665437,0.0007216187516167,0.0006332837401606,0.0048240527954187,0.0115068110636575,0.0004061208404429,0.0153532154529985,0.0006890496328928,0.1143823243330402,-0.5802891484482954,0.6311924464832323,-0.9216868908964309,-0.1512141592862146
57,0.015377993739369,0.092465464,0.543199999999973,0.456799999999982,0.2624,0.7376,0.0059613336425559,0.0004344226881589,0.0017344903067915,0.0002615411709277,0.0217377020445191,0.0153783628516567,0.0049802877237055,0.0150485987298694,0.0007246584115655,0.0006403659891132,0.0040305116067785,0.0093774332414869,0.0003554504110876,0.0151351288354263,0.0006743189768769,-0.0783494450100712,-0.6156511749655621,0.2497075274301926,-0.9354356382583916,-0.1905420035551414
58,-0.0183631325050708,0.030311465,0.75159999999995,0.248400000000005,0.2056,0.7944,0.0050536195888071,0.0004394670882763,0.0016026260339246,0.0002624579204814,0.0218415138312642,0.0151930397224485,0.0054708602116939,0.0147693483916397,0.0006927765221243,0.0006254080975768,0.004196392789774,0.0088366665958775,0.000395498010996,0.0148564593292539,0.0006576506255652,-0.0372335754493441,-0.6191438765392521,0.5457697278135648,-0.9569807790685187,-0.2352661358509095
59,-0.0159159191900837,-0.057174831,0.223800000000004,0.776199999999947,0.1598,0.8402,0.0048231737813984,0.0004394167794987,0.0012506699212896,0.0002632268988996,0.0211048356184058,0.0151090602402169,0.0042134507220149,0.0145500917336973,0.0006997564542754,0.0006363732629845,0.0020501962851819,0.0069126940284581,0.0003026581941776,0.0146394149010391,0.000648530159074,-0.5634039182660041,-0.6503883338384472,-0.1578127924884248,-0.9700402148173152,-0.2587856361510654
60,0.0081937146201855,-0.032442887,0.195600000000004,0.804399999999944,0.1576,0.8424,0.0048552391978332,0.0004353434667529,0.0013922784861785,0.0002588213319662,0.0206169631094937,0.0149972882579966,0.0034903193869308,0.0142890418333147,0.0006913921616348,0.0006185465867789,0.0020696336013781,0.0061894784376067,0.0002933490615304,0.0144006614698445,0.0006314111152984,-0.5524987720586981,-0.6572555873642462,-0.2271147946761543,-0.9858012191632786,-0.3049354029150664
61,-0.0128032177563355,-0.003271026,0.108200000000001,0.891799999999934,0.1364,0.8636,0.0047627972790559,0.0004346882823882,0.0010783904597506,0.0002574555960854,0.0204300705813286,0.0148843834891663,0.0033562899905659,0.0140066800040696,0.00068867069027,0.0006086726615647,0.0014770432775993,0.0056851536631459,0.0002766321727433,0.0141263987594367,0.0006184564204753,-0.6927690417767312,-0.6597759463551086,-0.3529156111137542,-1.0059709423206686,-0.3391466157834613
62,-0.0291963615214588,-0.017454325,0.915799999999932,0.0842000000000004,0.1214,0.8786,0.0033219512222041,0.0004630988667255,0.0010153174355516,0.0002588247669096,0.0201680934558773,0.0147913116248069,0.0029448949367299,0.0137381808117019,0.0006908418991312,0.0006092187405981,0.0031277326573677,0.0050357912369543,0.0004458989875209,0.0138660308924128,0.0006515485106133,-0.2741670033058385,-0.6653623643989137,0.9486136116335862,-1.0239097746734525,-0.2410715680078317
63,0.0597378957575945,0.086716134,0.818999999999942,0.181000000000003,0.1402,0.8598,0.0053843461521917,0.0005582678691975,0.0012771321361987,0.000272976683638,0.0206953392025678,0.0147089324419024,0.0045347367471271,0.0136081079151451,0.0007798448388121,0.0006591405837391,0.0046409404152966,0.0068004532113798,0.0005066301646111,0.0137624435137964,0.000717030344472,0.1094442531846933,-0.6218303778213513,1.387686694511374,-1.0209725338884867,-0.0491918184631244
64,0.0177527074331323,0.068548782,0.731599999999952,0.268400000000003,0.1312,0.8688,0.0057754718540779,0.0005452983233144,0.0013853431825635,0.0002729549112092,0.0210475225029001,0.0146174093940944,0.0057392372672514,0.0134277092829458,0.0007789222362747,0.0006629287385985,0.0045971613186431,0.0077476842901685,0.0004722013515053,0.0135837979375284,0.0007129683334959,0.0974652003570579,-0.5957154028272995,1.1022348029897957,-1.028218382474907,-0.0606932809862681
65,0.0006160918569264,0.064132243,0.47559999999998,0.524399999999975,0.1224,0.8776,0.005671543909568,0.000534839512076,0.0013755968369976,0.0002695039992697,0.0213413245123736,0.0145303028604574,0.0068283987621326,0.0132396653057994,0.0007641905791803,0.0006508601738432,0.0034187492647119,0.008604780873962,0.0003956975691603,0.0133976393424895,0.0006847459650389,-0.2051298750020998,-0.5718660048299683,0.5077047569501626,-1.036455595488712,-0.1434402970364378
66,-0.0127473915778662,-0.078167542,0.232400000000005,0.767599999999948,0.1224,0.8776,0.0054920127848236,0.0005329009210098,0.0011184436736499,0.0002681624796849,0.020667352619086,0.0144985013025681,0.0052720616242295,0.0131270976140315,0.0007711645872382,0.0006622809690884,0.0021348611350866,0.0071564452419999,0.0003296876934487,0.0132949574255083,0.0006815969229481,-0.5338761620260558,-0.5962170261630388,-0.0039556668548136,-1.0337397565148916,-0.1516989876012636
67,-0.021550512229755,-0.068671702,0.173000000000003,0.826999999999942,0.1626,0.8374,0.0052972111181213,0.0005342921339717,0.0006822993750245,0.0002726998234617,0.0198706973805773,0.0144397528674105,0.0040023036870991,0.0129939582654695,0.0007819038028633,0.0006820287854529,0.0014806791065802,0.0065825045016586,0.0003179552931799,0.0132290444677451,0.0006987878133743,-0.6971680523396258,-0.6021986305345672,-0.0948978686532005,-1.026534445391431,-0.099081665293991
68,-0.0278884428578809,-0.0120605,0.201200000000004,0.798799999999945,0.1476,0.8524,0.0050214999054307,0.0005389267978798,0.0001610373978178,0.0002823456497628,0.0196143028243063,0.0143319287590111,0.0037263567754363,0.0127750881492493,0.0007820200993751,0.0006792024543069,0.0011389624543495,0.0060714176122495,0.0003339697767639,0.0130048778232501,0.0006971338516067,-0.7775916705300654,-0.6069186920913886,0.0309312570129988,-1.0404920197078111,-0.1033451525194831
69,-0.0332858992033831,-0.039254316,0.344799999999995,0.65519999999996,0.1242,0.8758,0.0044837427515865,0.0005516722684032,-0.0003321088477626,0.0002944337445588,0.0192192199624558,0.0142588452886377,0.0029808697410533,0.0125849938138447,0.0007938517534294,0.0006926143450385,0.0013283967836929,0.0049976728385514,0.0003831295875803,0.0127928861670139,0.0007163545173061,-0.7196917999030853,-0.6235487124842048,0.4172454504679802,-1.0526322657784244,-0.0441512587138831
70,-0.0020811760515471,-0.061926361,0.57179999999997,0.428199999999985,0.1168,0.8832,0.0043343892685624,0.0005400797785292,-0.0003488018277043,0.0002916526071603,0.0187102899374107,0.0142104548698818,0.0018650773399692,0.0124398285780442,0.0007881029808714,0.0006855542410982,0.0023290468411408,0.0038325981713503,0.000433703263749,0.0126466377289308,0.000720861772202,-0.4513431256981966,-0.6420379716397642,0.8110389543631543,-1.0560125961818418,-0.0300288497927166
71,-0.0244144069121361,-0.219034744,0.777399999999947,0.222600000000004,0.1216,0.8784,0.0034718543743516,0.0005479289246188,-0.0004676119023081,0.0002930578607692,0.0171679899615889,0.0144825642545175,-0.0018481925434309,0.0130371905002356,0.0008985357797086,0.0007399935092091,0.0025949291811669,0.0004641752491795,0.0004911946258058,0.0132129479487562,0.0008112582597986,-0.3776236762941403,-0.7071451183138737,1.2477314410417946,-0.9662939124978606,0.2490997553902829
72,-0.0309238319128653,-0.033462154,0.74679999999995,0.253200000000005,0.5146,0.4854,0.0025082900214634,0.0005647931873572,-0.0006376863345492,0.0002965722582979,0.0158151678255379,0.0141622579689486,-0.0021391516659891,0.0129263164190741,0.0009097625973229,0.0007423527157324,0.0017117288081208,0.0071001411443506,0.0004968796481193,0.0135623319406395,0.0008479381280515,-0.6080184670675203,-0.5583691944616685,1.269270100267829,-0.9075085288045914,0.361050634474481
73,0.063766726360976,-0.038477153,0.56939999999997,0.430599999999985,0.3082,0.6918,0.0037893728149626,0.000629817760301,-3.180989085377061e-05,0.0003324363221905,0.0149600264537444,0.0139848890142009,-0.0026096252967476,0.0127758321601188,0.0008439044602538,0.0007059581644204,0.0021439715418379,0.002805341372754,0.0005017653130505,0.0131484634825469,0.000766488999032,-0.4877417114769045,-0.6454780367746838,1.2839756177148558,-0.9507122532952615,0.1038686864983534
74,-0.0120242204290939,0.024909556,0.848599999999939,0.151400000000002,0.2238,0.7762,0.003311405325758,0.0006181113839788,-7.134588413592589e-05,0.0003318129311294,0.0150725362920793,0.0138278538660928,-0.0022155861643091,0.0126035871123161,0.000816873881177,0.0006962928698658,0.0027992567925798,0.0016534956414306,0.0005747657982173,0.0128775780118113,0.0007609484081308,-0.3084760089470174,-0.6641094577138236,1.8053229895926624,-0.9741978293378932,0.0857200655890677
75,-0.0518706745779642,-0.021534003,0.682999999999957,0.316999999999998,0.1578,0.8422,0.0020008812959155,0.0006740317712929,-0.0004264503843834,0.0003478063002409,0.0147829723089077,0.0137289892663627,-0.002511129763136,0.0124163927021042,0.0008240581028452,0.0007009392163571,0.0012314171532606,0.0002178795438324,0.0005706182969693,0.0126235204399441,0.0007526983962366,-0.7270836919293238,-0.6887483497125986,1.7251488773513688,-0.995035281049033,0.0589893795641083
76,-0.0596874509658232,-0.360164909,0.874199999999936,0.125800000000002,0.1328,0.8672,0.0001810326105487,0.000763098946607,-0.0005872342614925,0.0003563650121829,0.0123034595840611,0.0145617401648098,-0.0080577560378409,0.0141768415061964,0.0012451302864335,0.0008992094953293,8.438463804590429e-05,-0.0053537866032523,0.0007119318176564,0.0142279560480602,0.0010733806136502,-1.025669671888312,-0.8025463580958218,2.652886679544272,-0.7702034322204414,1.0741354376288392
77,0.0624726670807725,0.053598609,0.882799999999935,0.117200000000001,0.6294,0.3706,0.0019830726849462,0.0008500278644488,-0.0004282414803783,0.0003654673003016,0.0135583925209451,0.014169466066505,-0.007651816510208,0.0141083665254673,0.0013077301334194,0.0009124914212224,0.00170046666477,0.0056978890539997,0.0007932373663306,0.0141468225765964,0.0012113314115145,-0.5801909625029678,-0.5540699511648145,3.024863246927933,-0.7730687851106685,1.4849485905255144
78,-0.0223375268097357,-0.093588133,0.881399999999936,0.118600000000001,0.3468,0.6532,0.001300335375659,0.0008423040027173,-0.0004839989110809,0.000365755710955,0.0117938177725994,0.014122066286554,-0.0086376196420111,0.0140302693965685,0.0013276349710564,0.000919892887239,0.0010887133292515,-0.0015519971466241,0.0007857853753142,0.0140621045580154,0.0011702873009112,-0.7402074061082758,-0.707819744566195,2.7981571906833302,-0.776491923991749,1.329923322192802
79,0.0191727775960615,0.114975432,0.210200000000004,0.789799999999946,0.3134,0.6866,0.0014191924655592,0.0008388125684657,-0.0001564163855,0.0003659922545785,0.013306920231908,0.0140688087122932,-0.0071648661609721,0.014042992185469,0.0013335092444386,0.0009389639442852,0.0001747765949926,-0.0007490083054434,0.0004653790845575,0.0140510830849757,0.0010422559038653,-0.9787376127012428,-0.6835633284356039,0.679330131273975,-0.7701330463428946,0.9136232987835728
80,-0.0093320574239665,-0.029175286,0.651399999999961,0.348599999999994,0.2528,0.7472,0.0012020944718819,0.0008241615251889,-0.0002234159972805,0.0003639300912348,0.0128102775012902,0.0139251876391259,-0.0074465956739505,0.0138693659621918,0.0013156757254995,0.0009316716814012,0.0007051615223318,-0.0023256581352496,0.0006637248473124,0.0138834776821207,0.001105279909738,-0.8243416373643746,-0.7119554313680809,1.931342222129683,-0.78497638296655,1.0979645389368753
81,0.025170048494644,0.106001095,0.586999999999968,0.412999999999987,0.2104,0.7896,0.0016304324433658,0.0008195156167737,-5.625142207917435e-06,0.0003662918217372,0.0137082718772681,0.01387388182275,-0.0059325638824617,0.0138537415453239,0.0013344563670727,0.0009521477294672,0.0009547406605238,-0.0018001320386145,0.0006323341894235,0.0138579790596943,0.0011045741832804,-0.7483918925932364,-0.6937933883114741,1.6856796293745266,-0.7806155636263515,1.0809481434882209
82,0.0416921047263372,0.078128215,0.366599999999992,0.633399999999963,0.2022,0.7978,0.0020726323632437,0.0008279895476496,0.0005357306606989,0.0003838165481031,0.0142993609872758,0.0137843097159548,-0.0048141497652626,0.0137621838229747,0.0013530872681195,0.0009823533733387,0.0010991588248517,-0.0009493978910993,0.0005466503697368,0.0137666576785352,0.0010877900930143,-0.7020990070397062,-0.668745656731477,1.1198988989866614,-0.7853021425591604,1.0150630589823404
83,0.0036009798778007,-0.033271826,0.651799999999961,0.348199999999994,0.1686,0.8314,0.0021020490046131,0.0008120970355475,0.0005574525848719,0.0003811627389468,0.0139381649662154,0.0136967009908161,-0.0052033243304635,0.0135849018445746,0.0013328292952836,0.0009707401556051,0.0015642205312591,-0.0019760692350434,0.0006620457134711,0.0136037511806309,0.0011192691207011,-0.568841452040617,-0.6857404890609764,1.810539968368983,-0.7996955673506059,1.0996311615813366
84,0.0320394211316497,0.074417098,0.56519999999997,0.434799999999985,0.1446,0.8554,0.0025935041108647,0.0008132369099383,0.0008335923764438,0.000386436593038,0.0143294514859776,0.0136315975792158,-0.0040985828988094,0.0134831494799842,0.0013453196408003,0.0009868224452013,0.0018282944887384,-0.0014338891267692,0.00062766413215,0.013504615075133,0.0011140530999193,-0.4918128437844407,-0.6676953382960316,1.560293474340101,-0.8053493929530742,1.069243428720579
85,-0.0121454470921201,-0.128990825,0.417599999999987,0.582399999999968,0.162,0.838,0.0024168762606395,0.0008060633970907,0.0006828731227533,0.00038388256825,0.0132980955517768,0.0136802529166596,-0.0057734596572397,0.0135087065963815,0.0013507567718917,0.0009953485205816,0.0014069928331345,-0.002683867713379,0.0005601852823738,0.0135364971002665,0.0010983458318112,-0.6045321604671043,-0.689988625141855,1.1226502045754565,-0.7932561744516937,1.0075398203668589
86,-0.0412361546831406,-0.040322257,0.330199999999996,0.669799999999959,0.2492,0.7508,0.0020071179835174,0.0008162164038453,0.0001304148694489,0.0004016766150058,0.0127110354734021,0.0135616089963895,-0.0061836388042973,0.0133623279933277,0.0013548721506751,0.0010035716502511,0.0007501022377143,-0.0014750859742946,0.0005385576532805,0.0134119888192907,0.0011053434052239,-0.7812019381681302,-0.6569876670631954,0.9762203992743422,-0.8027126142109883,1.0173490781695465
87,-0.033428630201124,-0.024968365,0.787999999999946,0.212000000000004,0.1926,0.8074,0.001230722626605,0.0008252425064833,-8.99089752017845e-06,0.000404666922917,0.0123948763829169,0.0134596294162218,-0.0064204489184089,0.0131982678100217,0.0013435256635427,0.0010009124991613,0.0009679033594903,-0.0027966172653735,0.0007360804827672,0.0132486060553758,0.0011688957336574,-0.7137830166073484,-0.6813591900070788,2.1383129635004274,-0.8174261791573794,1.2004654700279105
88,0.0358163658369275,0.076191957,0.856199999999938,0.143800000000002,0.1496,0.8504,0.0020349306924326,0.0008332207289409,9.167044199832892e-05,0.0004071259939365,0.0128079776260377,0.0133986591209617,-0.0053379023752461,0.0131135786023759,0.0013681695477504,0.0010170202318127,0.00175548986842,-0.002623278727054,0.0007719483060472,0.0131562266479563,0.0011936132227977,-0.4885124809380348,-0.6718068720192164,2.2728975692481934,-0.8223273698039563,1.2592124406196668
89,-0.0488795444129462,-0.105241668,0.836199999999941,0.163800000000003,0.1502,0.8498,0.0009043632115092,0.0008710029404879,-6.456526650735579e-05,0.0004134537591055,0.0120454695940327,0.0134015466865627,-0.0066292007585479,0.0130714181775475,0.0014269578672323,0.0010509168748893,0.00074565272681,-0.0038242652715902,0.0007960563845774,0.0131210034796015,0.0012363802923128,-0.767259979778901,-0.6935619648224084,2.327214986183764,-0.8194403195299061,1.370413502178518
90,-0.0476132137081855,-0.055523823,0.920399999999931,0.0796000000000002,0.1838,0.8162,-0.0002531707791094,0.0009050433823711,-0.000138169699179,0.0004163081139762,0.0115155799314087,0.013331973008761,-0.0072287535205115,0.0129400900444342,0.0014429264385474,0.0010606487030021,-0.0002440166931469,-0.0037835450320485,0.0008661400550068,0.0130121181332774,0.0012717042407966,-1.0357308776172591,-0.686959891517066,2.6117127615149767,-0.8267905233182082,1.4545537285862298
91,-0.0295699740332598,0.020221485,0.910999999999932,0.0890000000000005,0.1628,0.8372,-0.0009294976675886,0.0009035347189295,-0.0001890217648766,0.0004170829018434,0.011575635411666,0.0132405250015976,-0.0068877830771367,0.0127885994452516,0.0014043888941037,0.0010465899874991,-0.0008635953122471,-0.0038819385471596,0.0008602405072087,0.0128621729258247,0.001238692220455,-1.1950201756674008,-0.6836751692369472,2.4747657792734623,-0.8397624285530559,1.3314983815418395
92,0.0149588119459185,0.004506229,0.907399999999933,0.0926000000000006,0.1386,0.8614,-0.0005726099061607,0.00088878223765,-0.0001618396528138,0.0004167454764224,0.0115343603797074,0.0131635097159286,-0.006744000049542,0.0126288354681822,0.0013847214514452,0.0010395732721474,-0.0005345725807007,-0.004210619294048,0.0008450716335602,0.0127029413189198,0.0012200857699201,-1.0888246228173724,-0.6857648234365274,2.3078268879086186,-0.853906162032647,1.256114940232547
93,-0.0156702526330399,-0.026885929,0.768399999999948,0.231600000000005,0.1278,0.8722,-0.000854427680273,0.0008763672865667,-0.0002311316070189,0.0004159532546922,0.0113286288141419,0.0131008841745761,-0.0069981144201731,0.0124745614799697,0.0013697775707675,0.0010331108378109,-0.0007100723097073,-0.0046559566348276,0.0007697353967845,0.0125546055203404,0.0011839712008487,-1.1244207508943616,-0.6905828432131038,1.8611736425482543,-0.8664226635926374,1.131010221711573
94,0.0462689106466456,0.00362742,0.700199999999956,0.2998,0.1314,0.8686,-6.628474780152614e-05,0.0008982287056469,3.626584473401538e-05,0.000425923816223,0.0112864611819151,0.0130294738195755,-0.0068662704843233,0.012321157944748,0.0013590490188623,0.0010266583684438,-3.5540080159367874e-05,-0.0044810015433795,0.0007566316997975,0.0124142306507003,0.0011648664008877,-0.9249738637577316,-0.681160786576038,1.75307022551228,-0.8777366729064812,1.0602096679940778
95,0.0387594215396678,0.109926967,0.889799999999935,0.110200000000001,0.1294,0.8706,0.0007417403593108,0.000910254369142,0.0001179443165032,0.0004281815950096,0.011815489649668,0.0130114979488272,-0.0054315807374556,0.0123353083955567,0.0014063869028423,0.0010543213971708,0.0006729980353933,-0.0031998098293618,0.0008571299494325,0.0124228073237499,0.0012337339788609,-0.7192577286620396,-0.6463684741657391,2.2016635458720324,-0.8684140266913133,1.2539418982200836
96,-0.0340274337345718,0.037602099,0.889999999999935,0.110000000000001,0.1552,0.8448,3.273440344981077e-05,0.0009158415084798,4.620347827155892e-05,0.000429726439231,0.0119803023868201,0.0129325589572658,-0.0049246625747475,0.0122115613776479,0.0013621286646959,0.0010354338379521,3.421600168020099e-05,-0.0023010120127122,0.0008623688508623,0.0123234602020045,0.0012061645544083,-0.8915165356400504,-0.6207951918131459,2.160938108122912,-0.8742468243240846,1.1553647113290415
97,0.0573043877653845,-0.241342806,0.926399999999931,0.0736000000000001,0.1266,0.8734,0.0012231044540763,0.0009635635628251,0.000126583316061,0.0004337191259082,0.0106664246062386,0.0131965926765008,-0.0077692049474396,0.0127290439802384,0.0011395568569027,0.0009247650074506,0.0011424004983182,-0.0054352542459439,0.0009245670122679,0.0127882356451852,0.001037852916187,-0.5737495170178645,-0.6892128648987053,2.382591684610468,-0.8019587877053707,0.6373682660734097
98,-0.0069336562381945,-0.020165243,0.0599999999999997,0.939999999999929,0.516,0.484,0.0012121389535198,0.0009623575236767,2.2288233256501435e-06,0.0004269423862354,0.0100281492670309,0.012942669301692,-0.0078513082500479,0.0126457460774234,0.0011322448278616,0.0009159584686244,7.48234311372986e-05,0.0013744918287647,0.0004590672944818,0.0127989584611459,0.0009782489400846,-0.8692454573595221,-0.5252182118565935,0.1290212886186328,-0.7937770297430371,0.4522286762305163
99,0.0152115382490887,-0.001337291,0.84019999999994,0.159800000000003,0.2958,0.7042,0.0014708123955834,0.000948129954899,4.76336485443589e-05,0.000426356336268,0.0098948517280361,0.0127923707302672,-0.0077891337702164,0.0125254470942167,0.0011152182531433,0.0009101790960054,0.0012433884318064,-0.0025582108598333,0.0008647505306417,0.0126044031057604,0.0010266413372596,-0.5332880490305167,-0.6139973098032623,2.046274445184885,-0.814352057348965,0.5967821355079684
100,0.0112574285322378,0.041615438,0.666199999999959,0.333799999999996,0.209,0.791,0.0016121248047195,0.0009358025725033,0.0001171040662431,0.0004244880028178,0.0101555517882343,0.0126954364423641,-0.0072650756198846,0.0124181998598802,0.0011072253951737,0.0009066309844057,0.001113086882216,-0.0036241644915877,0.0007651257691422,0.0124761423056193,0.0009944110985577,-0.566736214381664,-0.6348240402291694,1.5429141577018883,-0.8254893319747061,0.494357654428028
101,-0.0343073113576189,-0.003746598,0.438999999999984,0.560999999999971,0.1628,0.8372,0.001273573584471,0.0009390283108208,-0.0002377463845349,0.0004322019368703,0.0100671179324028,0.0126159002882833,-0.0072260121158244,0.012280464103629,0.0010975034403455,0.0008972904651929,0.0004257230818586,-0.004410690543973,0.0006546987150345,0.0123350731144907,0.0009575345494162,-0.7577409815160031,-0.6489586908642947,1.0083409213010104,-0.8383412425623167,0.3781207471452931
102,-0.021067303916567,-0.053983585,0.825799999999942,0.174200000000003,0.17,0.83,0.0008843734848909,0.0009312131074083,-0.000304205756631,0.0004322028436812,0.0096444690161938,0.0125595445591159,-0.0077350652485978,0.0121703087421576,0.0010965894709983,0.0008981669011027,0.0006773229810177,-0.0047805444235832,0.0008442855194669,0.0122364788310405,0.0009969614986536,-0.6805758215364458,-0.6531937339677113,1.8658193661307712,-0.8451566698923276,0.4975802141891333
103,-0.00195916980039,0.01877467,0.846999999999939,0.153000000000002,0.1674,0.8326,0.0008344563630364,0.0009150055304339,-0.0003088305538689,0.0004310026852621,0.009703411702509,0.0124789974253675,-0.0074486754361423,0.0120463406349062,0.0010805333513733,0.0008911532632719,0.0006595334647498,-0.004577416049132,0.0008409530951225,0.0121187673816294,0.0009872068439568,-0.6808262988931287,-0.6438793269936831,1.8111391835556512,-0.854630861666511,0.4644083813243018
104,-0.0013846558087244,-0.016683357,0.671999999999959,0.327999999999997,0.1512,0.8488,0.0008039740529847,0.0009025034876418,-0.0003152372520227,0.0004284428521096,0.0095504414084366,0.0124106667389437,-0.007549272696763,0.011916033656272,0.0010689523787447,0.000883383613761,0.0004368727449422,-0.0049637959240568,0.0007470115991872,0.0119908221783719,0.0009597637174282,-0.7395567321840276,-0.6487006911124787,1.356865864032191,-0.8654823664005484,0.3764158088165094
105,0.01437208853344,0.03292587,0.459599999999982,0.540399999999973,0.1606,0.8394,0.0009302550144684,0.0008958011677207,-0.0001725331509909,0.0004263556189042,0.0096934981050224,0.0123380374967272,-0.0071178900463698,0.0118063071710953,0.0010644290230397,0.0008796863702037,0.0003343082898541,-0.0044179811092562,0.0006421127931402,0.0118917030613917,0.0009369750668481,-0.7634243730130722,-0.6313241723220305,0.8655585809828084,-0.8722114062845971,0.3031892152525633
106,0.0263526188935952,0.147650125,0.765599999999948,0.234400000000005,0.1558,0.8442,0.0013183827072795,0.0008918412943473,-6.121462959469924e-05,0.0004275066744869,0.010507719080643,0.0123768825367817,-0.0054765389492627,0.0119324331324975,0.0010981618200607,0.0009045728218971,0.0009950050915161,-0.0029861915482033,0.0007830012594519,0.0120016783496849,0.000993759273351,-0.5683340283502533,-0.5929372863067742,1.4930409032070944,-0.8495466352861983,0.4797195412184568
107,-0.0066435207582014,0.117123147,0.290200000000001,0.709799999999954,0.1862,0.8138,0.00127257220337,0.0008870725361049,-0.0001438149317371,0.000422678839574,0.0112544762533253,0.0123692504037118,-0.0042358452511739,0.0119622477180566,0.0010853725120286,0.0008858840225541,0.0002672206148709,-0.0013515473870361,0.0005574458903072,0.0120380316181255,0.0009334021807469,-0.7741544632751919,-0.5499660185262844,0.4547826262188688,-0.8376233754829161,0.286962151200334
108,0.0243572600643898,0.015678473,0.184000000000003,0.815999999999943,0.202,0.798,0.0013564816987657,0.0008857781396796,0.0002046205097455,0.0004250834618836,0.0112878387315911,0.0122761172407572,-0.0040401693090403,0.0118485664267656,0.0010815062814524,0.0008796595657504,0.0004165629685252,-0.0009439116848327,0.000509851282598,0.0119349316911919,0.0009186159818808,-0.7254740095010316,-0.5368418441232827,0.2342766281078389,-0.8455882743613435,0.2387249609091553
109,0.0160645833875801,0.023093128,0.178800000000003,0.821199999999942,0.159,0.841,0.0014082497880488,0.0008834191977253,0.0004284032719229,0.0004225846770316,0.0113575006723473,0.0122044945134349,-0.0037620740919675,0.0117345961295101,0.0010781818384254,0.0008733024838426,0.0006035998290061,-0.0013580617044414,0.0005049818893316,0.0118093099725541,0.0009079066068316,-0.6664134478325472,-0.5437002959624939,0.210725666686218,-0.8566964759062611,0.2035108025889389
110,-0.0111877562907736,-0.084787417,0.855599999999938,0.144400000000002,0.1458,0.8542,0.0011996144314154,0.0008713710284657,0.0003996538513964,0.0004218719321788,0.0108400582565963,0.0121882928456442,-0.0045968650188133,0.0116806388397748,0.0010772327498813,0.0008738387817655,0.0010841001236605,-0.0023461616052585,0.0008064633589618,0.0117546547938305,0.000975678141601,-0.5227032591308631,-0.5644840027691633,1.5865483898216977,-0.8576968144084152,0.4189371578303948
111,-0.0027834777484265,0.129141849,0.127000000000002,0.872999999999936,0.1674,0.8326,0.0011898456160101,0.0008692727440247,0.0003527273652395,0.0004157997665,0.0115665816429698,0.0121988624145927,-0.0032671724006457,0.0117405677834867,0.001071086236441,0.0008586900925003,0.0004590413830873,-0.0007840019737444,0.0004733908346456,0.0118172863047338,0.0008899548048883,-0.7015635221520058,-0.5231221089974273,0.048593002053286,-0.842153745217509,0.1419135353618796
112,-0.0270977658156522,-0.06225281,0.102200000000001,0.897799999999934,0.8298,0.1702,0.0011341259248433,0.0008691335611465,-5.723502006946315e-05,0.0004206755600277,0.0093857453005696,0.011994705030619,-0.0033868138764705,0.0117237970239569,0.0010823252742591,0.0008661161872793,6.452206850062615e-05,0.0072118557286373,0.000466507967742,0.0119485964878851,0.0009668696218118,-0.8116527871675225,-0.3245748065922841,0.0165970065883775,-0.8171326983819664,0.3889979591777925
113,0.0188635514127924,-0.035994815,0.260600000000004,0.739399999999951,0.1646,0.8354,0.0012227302121441,0.000866353045844,0.0001726569438916,0.0004198611403878,0.0091213575902182,0.0119367518910693,-0.0037082482111946,0.0116186073594417,0.0010734270492459,0.0008491896803767,0.0004463060375981,-0.001596495096282,0.0005362169309496,0.0116709739493476,0.0008968625449982,-0.6944889911993292,-0.5393205681596674,0.3396891654534951,-0.8505559020375776,0.1606829563225943
114,-0.0465606929463611,-0.098652232,0.847199999999939,0.152800000000002,0.1582,0.8418,0.0004588071571422,0.0008884217681836,5.5608316126684455e-05,0.0004242659277576,0.0085212413712743,0.0119346009553126,-0.0046420558125441,0.0115921216711408,0.0011140829611304,0.0008738946847184,0.000397198374235,-0.002559622198064,0.0008174987557664,0.0116463018938967,0.0009946373312706,-0.7043490434642785,-0.5599759478900633,1.628525845895003,-0.847659743037497,0.4773545484075457
115,0.0141550774403498,0.250483097,0.256200000000004,0.743799999999951,0.1834,0.8166,0.0005247053112074,0.0008850454372903,0.0002254374233954,0.0004215212728453,0.0100731576452847,0.0122311498572137,-0.0022309306359156,0.012091892530039,0.001126216644014,0.0009015692691333,0.0003021098562528,2.563915485653497e-05,0.000540276163776,0.0121174323238428,0.000950946762132,-0.7276411332122457,-0.492970154800016,0.3399219893624569,-0.7742262161889786,0.3326025596254554
116,0.0137813154681421,0.001845732,0.641599999999962,0.358399999999993,0.479,0.521,0.0006825343984383,0.0008765757295883,0.0003036606134755,0.0004201431807229,0.0099376054224784,0.0120307305287884,-0.0022064969603022,0.0120195181954037,0.0011115280899466,0.0008961994725619,0.0005467460339076,0.0036105280810497,0.0007129903040749,0.0120248889030949,0.0010168480968825,-0.6510093849974024,-0.4014510778880077,1.133499876325991,-0.7821282734489015,0.5462967173682012
117,0.0342397140319459,0.049755034,0.443399999999984,0.556599999999971,0.2536,0.7464,0.000956384344871,0.000878536899464,0.0006050790343952,0.0004265495874382,0.0102819218800278,0.0119402874657097,-0.001764125896981,0.0119399814063229,0.0011165463804884,0.0009021847523981,0.0007608478090601,0.0012907518192684,0.0006269607615904,0.0119400590229833,0.0009768897797875,-0.5839387513328798,-0.4572161841343896,0.728288655410651,-0.7888988373101375,0.4123983887764794
118,-0.0010445257036781,-0.003024976,0.524599999999975,0.47539999999998,0.8038,0.1962,0.0009372499691265,0.0008701735147321,0.0005926590195638,0.0004233583930561,0.0099269311225929,0.0116263518530199,-0.0017669411977594,0.0119133246504921,0.0010993706703414,0.0008982404247979,0.0007734314317043,0.0076325933733397,0.0006577576058872,0.0116826559158839,0.0010318311338878,-0.576911722587373,-0.2963826420667484,0.8654400755805344,-0.8203725312581052,0.5909232610832706
119,0.007914990273818,0.093923421,0.345999999999995,0.653999999999961,0.1632,0.8368,0.0009809839267859,0.0008650228327652,0.0006677235949792,0.0004195623650298,0.0103794404528187,0.0116015223248582,-0.0008642568860981,0.0118865049868106,0.00109668948483,0.0008959708601546,0.0007761116697842,0.0009707145196131,0.0005736916868662,0.0118399958163799,0.0009470738219969,-0.5728992823450145,-0.462192740323633,0.4705421545401181,-0.7920538610458263,0.3080806374948749
120,-0.0009962610928688,-0.119140643,0.807199999999944,0.192800000000003,0.171,0.829,0.0009524891528673,0.0008526122134537,0.0006627099480512,0.0004183065257223,0.0096524396430175,0.0116300352450583,-0.0019593694685062,0.0119047753760855,0.0010869998702717,0.0008912276540202,0.0008966197221787,2.624988956435306e-05,0.000768878076859,0.0118577948136798,0.0009869798449887,-0.5338641128492037,-0.4836219449394116,1.3681122270549848,-0.7841446154734307,0.4389094896089452
121,0.0086619741722913,0.057862444,0.144800000000002,0.855199999999938,0.2298,0.7702,0.0009723682299917,0.0008505665963299,0.0007682091748789,0.0004136224275475,0.0100133715007786,0.0115602353929159,-0.0014491589967798,0.011833502893179,0.0010840552413547,0.0008863757748214,0.0007977714060591,0.0011849305115591,0.0004768919431871,0.0117707060216185,0.000923401138903,-0.5605642298926775,-0.4519262631879644,0.0055326775552713,-0.7914732262382301,0.2252910646602748
122,-0.008001742857159,0.017601132,0.0968000000000007,0.903199999999933,0.1604,0.8396,0.0009569256055408,0.0008492412891392,0.0006477318804725,0.0004089823510674,0.0100528165432053,0.0115004371470069,-0.0012736735140775,0.0117278085204127,0.001080451802066,0.0008753215292518,0.000677661833059,0.0005430954911106,0.0004515994162727,0.0116913381521184,0.0009017012823356,-0.5935203209230732,-0.4659604879210169,-0.112523940043625,-0.7976641403430123,0.1517909848572624
123,-0.0029465967014079,-0.109416325,0.102000000000001,0.897999999999934,0.1558,0.8442,0.0009498604067952,0.0008477317300769,0.000599300534287,0.0004036433003705,0.0094525968696583,0.0115140057706796,-0.0022661163919851,0.011726520956425,0.0010787047579113,0.0008700765154873,0.0006350576412827,-0.000440340865821,0.0004489403202005,0.0116934110904858,0.0008969686959357,-0.6030584803202736,-0.4886477455313323,-0.1245227134016959,-0.7920785230887819,0.1352761718774028
124,0.016330187803522,0.016278031,0.916399999999932,0.0836000000000003,0.206,0.794,0.0011959611137163,0.0008378917136871,0.0006190087579828,0.0004034472408973,0.0094976379831244,0.0114383301188247,-0.0021074232985238,0.0116290879164421,0.001069271392261,0.0008668012173603,0.0011477278967768,0.0002832193254957,0.0008015721557618,0.0115897918101329,0.0009804274795145,-0.4453121728196382,-0.4677788098169405,1.5206603089716657,-0.8018918457036243,0.4158255682745774
125,0.0032081782438648,0.001586584,0.0950000000000007,0.904999999999933,0.1752,0.8248,0.0011992933888349,0.0008365108410315,0.0006536542357442,0.0003981372471001,0.0094534860763379,0.0113748396824239,-0.0020748746144389,0.0115267407247669,0.0010660166759939,0.0008574422376239,0.0007054899552877,-5.510582141480462e-05,0.0004397827385235,0.0115001276621484,0.0008856206442476,-0.576879053206111,-0.4741589520609841,-0.1784964167920237,-0.8096314240661433,0.0934318255259575
126,0.0181252724204128,0.025253985,0.0870000000000004,0.912999999999932,0.136,0.864,0.0012249239028819,0.0008356773017982,0.0008863658130158,0.0003968459885821,0.0095216435190433,0.0113268451545776,-0.0018249366994284,0.0114280901950934,0.0010643029087375,0.0008521700495386,0.000915820366834,-0.0002818017897162,0.0004350243128318,0.0114143208695832,0.0008758228633392,-0.5101058365698777,-0.4776789791749982,-0.2001171074616885,-0.8167799669503101,0.0597816215521661
127,0.003843217447347,-0.03695415,0.0942000000000006,0.905799999999933,0.148,0.852,0.0012292098027611,0.0008343205801541,0.0009249291486295,0.0003917828518496,0.0093044943385654,0.011283967682142,-0.002138919429193,0.0113368780148325,0.0010611836029929,0.0008417839045883,0.0009535923862486,-0.0004452941915647,0.0004334699058558,0.0113290472855943,0.000868353208065,-0.4960994921597138,-0.4795857914705223,-0.2066303490529651,-0.8238248461704217,0.0340722761672532
128,0.0254318397136277,-0.025393337,0.0852000000000004,0.914799999999932,0.1468,0.8532,0.0012649891518193,0.0008339518574955,0.0012435281803497,0.000394395900422,0.0091444316903855,0.0112374424411523,-0.0023452122831273,0.0112410618119587,0.001056716480533,0.0008254090306586,0.0012453566551188,-0.0006585325478156,0.0004318460679646,0.0112405304883243,0.000852240694844,-0.4046476958153273,-0.48279481354681,-0.2134780443241776,-0.8313152711869123,-0.021232462939856
129,-0.0139897978713286,0.141382594,0.118600000000001,0.881399999999936,0.1524,0.8476,0.0012336614655478,0.00083271614481,0.0010550802167132,0.0003923520963281,0.0097747043997347,0.0112668314738093,-0.0010896189852738,0.0113217480542169,0.0010469321792598,0.0007956687541213,0.0010762599528249,0.0005661038986014,0.000444579272478,0.0113133787673627,0.0008297149482275,-0.454624257487881,-0.4487886973514469,-0.1521219163408983,-0.815276123861613,-0.0985872135120065
130,0.0231975781490359,-0.003228501,0.122200000000001,0.877799999999936,0.18,0.82,0.0012800382352445,0.000831974330902,0.0013245610820412,0.0003934714127737,0.0097019144008558,0.0112047026413728,-0.0011075441407453,0.0112269028146769,0.0010430281638203,0.000786009087919,0.0013191203901625,0.0008381583967428,0.0004470564693689,0.0112229067834821,0.0008248446702876,-0.3778921003780923,-0.439655931638667,-0.1397101853899017,-0.8232697047511941,-0.1150132784357174
131,-0.0116235389765684,-0.01148978,0.127200000000002,0.872799999999937,0.146,0.854,0.0012517397458902,0.0008305141012325,0.0011697497727234,0.0003907474981084,0.0096061288764008,0.0111560785620893,-0.0011973773446323,0.0111306856555829,0.0010403896332279,0.0007801349381495,0.0011801788973101,0.0003799345636385,0.0004466858100257,0.0111343930199328,0.0008156857294971,-0.4191002291549515,-0.4496051263882482,-0.1409445170170183,-0.8309408381005858,-0.1462978229953369
132,0.0239151786369902,0.005599351,0.113400000000001,0.886599999999935,0.1398,0.8602,0.0012959636011657,0.0008298938027847,0.0014426858068606,0.0003921922377419,0.0095888622216392,0.0111080718709252,-0.0011386529126668,0.0110349110721401,0.0010377485084796,0.0007725979460659,0.0014260475087347,0.0003610537031091,0.0004418275952177,0.0110451389518102,0.0008061660072674,-0.3411608001136759,-0.4480602995046798,-0.1637549212338436,-0.8386859710902768,-0.1788337745557525
133,0.0068393859614381,-0.008639853,0.116000000000001,0.883999999999935,0.1296,0.8704,0.001307006616539,0.0008283016709263,0.0015064907513254,0.0003878956315455,0.0095163292780421,0.0110651892345565,-0.0012036641997602,0.0109397573085092,0.0010348171503668,0.0007641649103494,0.00148335059169,0.0001856469549629,0.0004389827321136,0.0109560132861249,0.0007974010054235,-0.3219360610949341,-0.4506464181491795,-0.1768511721292571,-0.8463762264248909,-0.2087287711252143
134,0.0100652898492744,-0.015043398,0.0856000000000004,0.914399999999932,0.1278,0.8722,0.0013198626357434,0.0008271982633224,0.0016098962956156,0.0003840834956859,0.0094203388581398,0.011024289800871,-0.0013228233820492,0.0108472016622884,0.0010320630898581,0.0007547917428779,0.0015850694143304,5.01527522469541e-05,0.0004220141197955,0.0108698335263992,0.0007843765956006,-0.2889053735563691,-0.4521962067029926,-0.2583256009445379,-0.8535984209734415,-0.2535270502095251
135,-0.02300260533368,-0.01687817,0.0772000000000002,0.922799999999931,0.8666,0.1334,0.0012877064778608,0.0008268857272243,0.0013134166461904,0.0003866660712873,0.0087413492029495,0.0107570538906638,-0.0013432806526051,0.0108332540060234,0.0010276990949309,0.0007538504139057,0.0013114318211952,0.0073960595802185,0.0004206510287256,0.0107672189860527,0.0008830796064814,-0.3733417807076111,-0.2562006723448259,-0.2639313644952022,-0.8631976155842976,0.0944679170437692
136,-0.003126787615395,0.010539424,0.878799999999936,0.121200000000001,0.1316,0.8684,0.0012222544853593,0.0008149104665863,0.0013064028917103,0.0003860863861892,0.0087483714735433,0.0107150554551759,-0.0012424145941913,0.0107424845723115,0.0010157303297301,0.0007494274167951,0.0012324532722089,7.237285232257343e-05,0.0007629369880421,0.0107388749004964,0.0008839636484098,-0.3965584825910709,-0.4492885836965365,1.3965355984174157,-0.8618379280281068,0.0972392753442066
137,-0.0213597455707895,-0.117255279,0.117400000000001,0.882599999999935,0.1352,0.8648,0.0011776146045966,0.0008143056244758,0.0010486405360458,0.000387471800536,0.0082448306171885,0.010735429952236,-0.0022148840677127,0.01076430974201,0.0010202175932358,0.0007683798671986,0.0010637820916935,-0.000800730642314,0.0004375820914665,0.0107604051944325,0.000800186971997,-0.4479488126367352,-0.4705123896692373,-0.1900075493759348,-0.8532110950978308,-0.1998659018295494
138,0.0082047816003338,-0.003152145,0.179800000000003,0.820199999999942,0.1924,0.8076,0.0011988250433455,0.0008119963657526,0.0011234765945039,0.0003839497125166,0.0081803830149305,0.0106754536117648,-0.0022221639533102,0.0106807080518542,0.0010160732416888,0.0007611637120468,0.0011370242456055,-0.0002207139166206,0.0004609125007684,0.010679697097581,0.0008086023755131,-0.4229027691495398,-0.4529909748997562,-0.0755087899235193,-0.8597581863063397,-0.1692094922239053
139,0.0246743012786244,-0.010293641,0.106000000000001,0.893999999999934,0.144,0.856,0.0012405242554266,0.000811531196205,0.0013888965411488,0.000385802975048,0.0081025252566011,0.0106318947838249,-0.0022880712863138,0.0105940227699513,0.0010126624333026,0.0007510876171462,0.0013731690788621,-0.000791825384134,0.0004309301664906,0.010599476339949,0.0007837844691657,-0.346360300822242,-0.4662909858165234,-0.2219987517271068,-0.8662073079027299,-0.2570914679677158
140,-0.0129898393662895,0.005724189,0.109000000000001,0.890999999999935,0.14,0.86,0.0012145790253522,0.0008104201248454,0.0012291845922418,0.0003837886127792,0.0080928200818638,0.010588532654842,-0.0022228765990606,0.0105083387341207,0.0010097987794883,0.0007435686795849,0.0012275925854507,-0.0007786790637311,0.0004302914475943,0.0105195658830216,0.0007767143270228,-0.3912219669140304,-0.4639195451556654,-0.2243075181475837,-0.8725847584955975,-0.2814099297611656
141,-0.0016099157161608,0.012661372,0.111000000000001,0.888999999999935,0.1232,0.8768,0.0012093445497481,0.0008089329766288,0.0011980649303939,0.0003796692508972,0.008109166951184,0.0105507199305696,-0.0021004154878923,0.0104236884472719,0.0010072033120387,0.0007363046392856,0.0011993169681421,-0.000842594931398,0.0004273175244533,0.0104393387260141,0.0007680268738649,-0.3986365332754771,-0.4636455000949394,-0.2381301073148403,-0.8789829644510557,-0.311515635162885
142,-0.0297066595948987,-0.001114466,0.0856000000000004,0.914399999999932,0.132,0.868,0.0011652234513466,0.0008091406270327,0.000853521077282,0.0003859657995514,0.0080739412630412,0.0105107496740161,-0.0020924498211131,0.0103394813464365,0.0010050784541074,0.0007304279708857,0.0008802028005018,-0.0007504861980047,0.0004221895647837,0.010362088765677,0.0007603099434601,-0.4989319886517416,-0.4591881909466261,-0.2625999779375445,-0.8849149067613374,-0.3380977458290771
143,-0.0074372660114523,0.02245805,0.257600000000004,0.742399999999951,0.1348,0.8652,0.0011284361422036,0.0008059955626294,0.0007791500469917,0.000383114625354,0.0081298224862096,0.0104707168498302,-0.00189632111,0.0102616580248228,0.0010000278431015,0.0007228659279428,0.0008691261451182,-0.0005447969532309,0.0004920487547961,0.0102898391544337,0.0007772450956969,-0.5003068483532401,-0.4516938101398512,0.0850671648189834,-0.8900859703371216,-0.2756205096381418
144,0.0047577770974989,0.024508248,0.174600000000003,0.825399999999942,0.1346,0.8654,0.0011389253585749,0.0008037041008753,0.0008184378657904,0.0003794862446431,0.0081931115721905,0.0104312887481221,-0.0016870044461321,0.0101857939936018,0.000997080067818,0.0007172835208615,0.0008743949820305,-0.0003571408300658,0.0004535546823412,0.0102188375875602,0.0007605400670209,-0.4964520455957395,-0.4447273898268086,-0.106969201724648,-0.8950580183671262,-0.3351299564585915
145,0.004464843118594,-0.047629863,0.101800000000001,0.898199999999934,0.8856,0.1144,0.0011445203460319,0.0008023706559247,0.0008572043413953,0.0003755916214053,0.0068090398813776,0.0102480033061467,-0.0017350991209773,0.0101773384233992,0.0009851096789399,0.0007125208263022,0.0008864531106672,0.0058315903795081,0.0004190377271193,0.0102399192435603,0.0008470979428494,-0.4904456959609519,-0.2745811557565786,-0.2790637830647517,-0.8863985593055468,-0.0190232091806029
146,-0.0242341973522198,0.080622481,0.072,0.92799999999993,0.1434,0.8566,0.0011143607451586,0.0008021816358043,0.0005845911358365,0.0003782768208828,0.0071041964952791,0.0102287241888864,-0.0010945629297954,0.0101505268840701,0.0009784305261543,0.0006883171189501,0.0006227345477076,8.113917176028323e-05,0.0004087979675571,0.0101617403775807,0.0007195623329059,-0.5734322051174152,-0.4304892142115799,-0.3293396120035504,-0.8925679476210752,-0.484256102171916
147,-0.0256058229872504,0.121575927,0.141000000000002,0.858999999999938,0.1496,0.8504,0.0010523206529061,0.0008019729690579,0.000323817519573,0.0003812721473437,0.0075797395423004,0.0102404417075718,-0.0001546557263863,0.0101871685096694,0.0009657153569538,0.0006556746951059,0.0004265364613729,0.0010024098058092,0.0004405909632053,0.0101951381800756,0.0007007236032723,-0.6342292982319511,-0.4035620645718049,-0.1682762193347066,-0.8821825308039114,-0.5510125865779277
148,0.0568765765908044,0.027952454,0.248400000000005,0.75159999999995,0.1712,0.8288,0.0012797338183314,0.000811349398567,0.0008122466163502,0.0004053626650317,0.0076761341826844,0.0101939430121943,5.367654159012687e-05,0.0101174725730242,0.0009686325389175,0.0006611406000924,0.0009283704373222,0.0013586412897454,0.0005062097696418,0.0101305643122101,0.0007256524088578,-0.4686832994078889,-0.3922095147537801,0.1634769360805653,-0.8864743233445095,-0.4573423157986417
149,0.0129710307299362,0.079120144,0.199000000000004,0.800999999999944,0.1506,0.8494,0.0013177651724043,0.0008091532986148,0.0009231397114254,0.0004030016192902,0.0079722674128565,0.0101727586814755,0.0006497621449726,0.0100879715636791,0.0009684975724058,0.0006631084291103,0.0010016701781601,0.0017525314383159,0.0004838258034757,0.0101007405036192,0.0007164904513583,-0.4429413468061095,-0.379857734373179,0.0495720951515885,-0.8856040209060574,-0.4891334440041814
150,0.0221258675749461,-0.026192022,0.629799999999963,0.370199999999992,0.1328,0.8672,0.0015298027955844,0.0008052750481438,0.0010121383174162,0.0004031891095034,0.0078478496638841,0.0101399472172375,0.0004447381414976,0.0100163783856493,0.00095755957374,0.0006552417350648,0.0013381634057664,0.0014278713516705,0.000656422833659,0.0100327883264842,0.0007705155269516,-0.3314172735281943,-0.3873753806393296,0.9237924982096736,-0.8904442760042133,-0.2880979398642361
151,0.009989728565996,0.045846045,0.47459999999998,0.525399999999975,0.1312,0.8688,0.0015942716371378,0.0007996796971903,0.0010653032635122,0.0004012759056074,0.0079840721953373,0.0101087534267853,0.0007895256414423,0.0099558467320369,0.0009542745312623,0.000653297800687,0.0013163516536348,0.0017334501493133,0.0005903583450926,0.0099759080903878,0.0007444636523782,-0.3373439055507496,-0.3774476580313202,0.5842019715687325,-0.8936269860207465,-0.3833805594806592
152,0.0077103628148904,0.015220005,0.286400000000001,0.713599999999954,0.1264,0.8736,0.0016222685382133,0.000796189546597,0.0011183245293798,0.0003984236230987,0.0080089777576054,0.0100741394164578,0.000898884250556,0.0098819644025028,0.0009507583242367,0.0006487641798626,0.0012626540935096,0.001797600069847,0.0005123437835885,0.0099062553242667,0.0007110957712613,-0.353740681181207,-0.3742539733026336,0.1847556277008245,-0.89871385740028,-0.5055481997872633
153,0.0021176732286214,0.135245616,0.168200000000003,0.831799999999941,0.1406,0.8594,0.0016235967983103,0.0007940554899165,0.0011275335144687,0.0003947612728463,0.0084942580929139,0.0100972266062581,0.0018930443740104,0.0099414120936364,0.0009480269609054,0.0006444336313876,0.0012109713588107,0.0028211750228882,0.0004619225601574,0.009963319614111,0.0006913084414651,-0.3694594322964353,-0.3443633011727064,-0.0735898502448645,-0.8849283985699,-0.5768965745620152
154,0.0246312843031991,-0.049340915,0.110200000000001,0.889799999999935,0.171,0.829,0.0016639417651177,0.0007935896962313,0.0013569609063824,0.0003962476530972,0.0082272198536473,0.0100659782919743,0.0015299184393612,0.0098894238361229,0.0009420066205797,0.0006284088686761,0.0013907901970149,0.0026751569812041,0.0004400347462505,0.0099196146480734,0.0006725007125937,-0.3087251487422515,-0.3471960830864715,-0.185588645159793,-0.8863305828239014,-0.6442905914573163
155,0.0074816932089465,0.034993962,0.870599999999937,0.129400000000002,0.1392,0.8608,0.0017434356096718,0.0007832022306631,0.0013656429310694,0.0003957390577321,0.0083274482502528,0.0100309588538353,0.0017743971324211,0.0098252960211253,0.000934863253157,0.0006263566772321,0.0016945492370605,0.0026865818480232,0.0007330644960857,0.0098539242874385,0.0007821216474165,-0.2069893803945121,-0.3456261788564273,1.3151879149773944,-0.891032206497097,-0.2325829831369317
156,0.0031918257369945,-0.03106949,0.0816000000000003,0.918399999999931,0.118,0.882,0.0017452882006392,0.0007822031407814,0.0013838327445795,0.0003918301599697,0.0082027891048631,0.0100041147072188,0.0015303663504762,0.009760249230554,0.0009329201337719,0.0006204505122134,0.0014133275097938,0.0023177122354938,0.0004236845952039,0.0097890253568004,0.0006516349804449,-0.2997779145954171,-0.3547533057850856,-0.2769137446522179,-0.8956040584217568,-0.7197051521592575
157,-0.0153355291508035,0.020682811,0.0778000000000002,0.922199999999931,0.1298,0.8702,0.0017244834376841,0.0007816053318799,0.0012182653557364,0.0003906907387634,0.0082460764274147,0.0099699534944208,0.0016697438715045,0.0096918712506251,0.000930382963029,0.0006131226074888,0.0012576491225118,0.0025233518372616,0.0004211038941078,0.0097279663258697,0.0006460542323938,-0.3506221165336332,-0.3476931561027091,-0.2892440698619548,-0.8995920355686997,-0.7370791897407724
158,0.0182663451506038,0.022335745,0.113000000000001,0.886999999999935,0.1212,0.8788,0.0017536960047844,0.0007807074107774,0.0013791120359549,0.0003897208717765,0.008291561594741,0.0099384066562732,0.0018205142053154,0.0096242565780578,0.000929041217404,0.0006103745666385,0.0014214400244325,0.0026048051489137,0.0004339023506835,0.0096623315675375,0.0006476904314431,-0.2946408334977913,-0.3441634429109803,-0.222212877768973,-0.9042581131312252,-0.727369958953509
159,0.0116339786353272,-0.035719628,0.911599999999932,0.0884000000000005,0.1216,0.8784,0.001892479243396,0.0007710931729263,0.0013887456028742,0.0003894534606081,0.0081494731663666,0.0099125541852836,0.0015487438100201,0.0095647105880803,0.0009166116789634,0.0006059004187488,0.0018479491895737,0.0023513924997518,0.0007373562223573,0.0096070083695002,0.0007664138557756,-0.1506027557915241,-0.3501378879885503,1.3423983660698924,-0.9073709224105664,-0.2780001741378701
160,0.0105152158837658,-0.016071101,0.922599999999931,0.0774000000000002,0.1328,0.8672,0.0020133417109887,0.0007613125348867,0.0013962461263449,0.0003892017881501,0.0080643758260639,0.0098797809651052,0.0014237057221686,0.009499022755864,0.0009062897987259,0.0006025423666648,0.0019655785127371,0.0023055867119658,0.0007325111630892,0.0095495874460512,0.0007628298865634,-0.1105389314042074,-0.3502158709252911,1.306085768830519,-0.9108005356982988,-0.2905922879656802
161,0.0137347402042156,0.021949826,0.0776000000000002,0.922399999999931,0.1322,0.8678,0.0020271443562955,0.0007605776397964,0.0015159191785466,0.0003868891205846,0.0081127717267492,0.0098460159515331,0.0015684409718404,0.0094349924710053,0.0009049206975244,0.0005992076920493,0.0015555902523398,0.0024336014976393,0.0004158873496754,0.009489329775131,0.0006312769863236,-0.2485742639040597,-0.3453521376911261,-0.3298324356461262,-0.9146540213367912,-0.7864000494216382
162,0.0136203414853586,0.091599732,0.0752000000000001,0.924799999999931,0.1238,0.8762,0.0020403587404654,0.0007598637256905,0.0016324937840103,0.0003845605687098,0.008384378916618,0.0098365859066643,0.0022048898278672,0.0094251899035775,0.0009051827465742,0.0006026622511113,0.0016631652287356,0.0029699105770545,0.0004127833661147,0.0094761207287596,0.0006327630404098,-0.211352696016079,-0.3288392059212911,-0.3447352109407803,-0.9114612219149124,-0.776879875512483
163,0.0136203414853586,0.091599732,0.072,0.92799999999993,0.1238,0.8762,0.0020529826122042,0.0007591813881528,0.001747236297113,0.0003822420705658,0.0086542246039248,0.009827070911424,0.002832403484961,0.009414731802094,0.0009054273062613,0.0006059286914067,0.0017692500317994,0.0035531449394887,0.000409381701432,0.009465779383829,0.0006352496058009,-0.1746592833189444,-0.3110118914733788,-0.3611676921388056,-0.90790599561162,-0.7636803531909526
