t,Capital,Lambda,Costo_Mult,Modelo
t1,13397.964948485242,0.3,0.01,GAMS
t2,12113.559629648924,0.3,0.01,GAMS
t3,10416.835827204231,0.3,0.01,GAMS
t4,11989.226996913649,0.3,0.01,GAMS
t5,13385.793794130142,0.3,0.01,GAMS
t6,16347.227686468237,0.3,0.01,GAMS
t7,18795.911861288103,0.3,0.01,GAMS
t8,14667.408598072121,0.3,0.01,GAMS
t9,15661.261233455856,0.3,0.01,GAMS
t10,17954.18614723719,0.3,0.01,GAMS
t11,18582.62596788748,0.3,0.01,GAMS
t12,17786.63058270339,0.3,0.01,GAMS
t13,19025.568286806654,0.3,0.01,GAMS
t14,19472.65139486334,0.3,0.01,GAMS
t15,20842.755617110903,0.3,0.01,GAMS
t16,18750.209907770768,0.3,0.01,GAMS
t17,21363.764126878385,0.3,0.01,GAMS
t18,23428.501920686136,0.3,0.01,GAMS
t19,22333.608150619864,0.3,0.01,GAMS
t20,14957.37510813278,0.3,0.01,GAMS
t21,14452.016772036457,0.3,0.01,GAMS
t22,15832.189677656097,0.3,0.01,GAMS
t23,14704.227114601454,0.3,0.01,GAMS
t24,14128.225386735907,0.3,0.01,GAMS
t25,12765.566658522564,0.3,0.01,GAMS
t26,13481.443945373776,0.3,0.01,GAMS
t27,13755.091734986896,0.3,0.01,GAMS
t28,12920.594244762631,0.3,0.01,GAMS
t29,13361.212539623768,0.3,0.01,GAMS
t30,14733.118057071304,0.3,0.01,GAMS
t31,15989.545806057853,0.3,0.01,GAMS
t32,17392.069081332746,0.3,0.01,GAMS
t33,17808.854026256104,0.3,0.01,GAMS
t34,17945.151446869073,0.3,0.01,GAMS
t35,18538.903314058698,0.3,0.01,GAMS
t36,17051.18419081044,0.3,0.01,GAMS
t37,17816.74900164703,0.3,0.01,GAMS
t38,16611.62225431085,0.3,0.01,GAMS
t39,17892.05658047896,0.3,0.01,GAMS
t40,18999.135711459738,0.3,0.01,GAMS
t41,20206.741811339827,0.3,0.01,GAMS
t42,20355.554870953452,0.3,0.01,GAMS
t43,21013.083216135972,0.3,0.01,GAMS
t44,21211.152566987148,0.3,0.01,GAMS
t45,21555.243978311053,0.3,0.01,GAMS
t46,20726.67576854927,0.3,0.01,GAMS
t47,19904.5781017952,0.3,0.01,GAMS
t48,19797.79772676362,0.3,0.01,GAMS
t49,19213.978597539517,0.3,0.01,GAMS
t50,18594.222082453813,0.3,0.01,GAMS
t51,19555.399396018853,0.3,0.01,GAMS
t52,18666.538178558294,0.3,0.01,GAMS
t53,17286.931891085103,0.3,0.01,GAMS
t54,17252.460977526556,0.3,0.01,GAMS
t55,15058.45642501323,0.3,0.01,GAMS
t56,15148.645035212401,0.3,0.01,GAMS
t57,16274.249431782442,0.3,0.01,GAMS
t58,16444.19451070072,0.3,0.01,GAMS
t59,15843.210503419843,0.3,0.01,GAMS
t60,15653.073007713105,0.3,0.01,GAMS
t61,15520.28669474816,0.3,0.01,GAMS
t62,15143.528689340697,0.3,0.01,GAMS
t63,16219.454928184605,0.3,0.01,GAMS
t64,16849.64790562871,0.3,0.01,GAMS
t65,17304.136458688547,0.3,0.01,GAMS
t66,16613.79490352845,0.3,0.01,GAMS
t67,15875.780767551554,0.3,0.01,GAMS
t68,15551.488227293883,0.3,0.01,GAMS
t69,14996.122799776296,0.3,0.01,GAMS
t70,14604.483702451378,0.3,0.01,GAMS
t71,13106.405880597329,0.3,0.01,GAMS
t72,12667.445173839935,0.3,0.01,GAMS
t73,12297.63633451998,0.3,0.01,GAMS
t74,12439.78926031072,0.3,0.01,GAMS
t75,11973.36266882486,0.3,0.01,GAMS
t76,9653.94828440591,0.3,0.01,GAMS
t77,10171.11908989448,0.3,0.01,GAMS
t78,9219.223043750597,0.3,0.01,GAMS
t79,10247.603635379815,0.3,0.01,GAMS
t80,10003.810212354536,0.3,0.01,GAMS
t81,10748.614166757843,0.3,0.01,GAMS
t82,11432.021866077628,0.3,0.01,GAMS
t83,11262.373943894634,0.3,0.01,GAMS
t84,11847.163218627942,0.3,0.01,GAMS
t85,11023.083358133583,0.3,0.01,GAMS
t86,10575.57929992144,0.3,0.01,GAMS
t87,10271.928385008787,0.3,0.01,GAMS
t88,10834.97786490057,0.3,0.01,GAMS
t89,10017.956920365956,0.3,0.01,GAMS
t90,9500.231455391855,0.3,0.01,GAMS
t91,9450.930525440286,0.3,0.01,GAMS
t92,9549.097763042631,0.3,0.01,GAMS
t93,9354.305934757433,0.3,0.01,GAMS
t94,9618.971775572312,0.3,0.01,GAMS
t95,10280.371845768308,0.3,0.01,GAMS
t96,10260.878056798983,0.3,0.01,GAMS
t97,9514.45702716966,0.3,0.01,GAMS
t98,9322.327123328761,0.3,0.01,GAMS
t99,9333.294597420843,0.3,0.01,GAMS
t100,9609.093621806805,0.3,0.01,GAMS
t101,9425.701818550364,0.3,0.01,GAMS
t102,9072.536688695682,0.3,0.01,GAMS
t103,9148.48980781059,0.3,0.01,GAMS
t104,9068.681872091514,0.3,0.01,GAMS
t105,9279.72299515102,0.3,0.01,GAMS
t106,10064.166260181808,0.3,0.01,GAMS
t107,10698.79470232124,0.3,0.01,GAMS
t108,10904.702807739142,0.3,0.01,GAMS
t109,11118.32456924861,0.3,0.01,GAMS
t110,10606.450753078767,0.3,0.01,GAMS
t111,11317.667072554957,0.3,0.01,GAMS
t112,10612.844190266998,0.3,0.01,GAMS
t113,10516.500613736856,0.3,0.01,GAMS
t114,9752.266605172219,0.3,0.01,GAMS
t115,11177.95414723495,0.3,0.01,GAMS
t116,11198.339017386817,0.3,0.01,GAMS
t117,11716.563232758723,0.3,0.01,GAMS
t118,11680.990003823275,0.3,0.01,GAMS
t119,12290.801641979637,0.3,0.01,GAMS
t120,11530.386770622164,0.3,0.01,GAMS
t121,12012.12426390719,0.3,0.01,GAMS
t122,12076.350731287243,0.3,0.01,GAMS
t123,11370.027419599044,0.3,0.01,GAMS
t124,11555.340233142017,0.3,0.01,GAMS
t125,11582.027557187428,0.3,0.01,GAMS
t126,11831.559886848763,0.3,0.01,GAMS
t127,11644.143790303227,0.3,0.01,GAMS
t128,11654.743180722491,0.3,0.01,GAMS
t129,12382.181875811739,0.3,0.01,GAMS
t130,12494.043239016266,0.3,0.01,GAMS
t131,12349.573681649608,0.3,0.01,GAMS
t132,12540.606024961813,0.3,0.01,GAMS
t133,12539.328789939715,0.3,0.01,GAMS
t134,12524.369754121413,0.3,0.01,GAMS
t135,12312.635878270099,0.3,0.01,GAMS
t136,12348.453504237465,0.3,0.01,GAMS
t137,11552.332286989686,0.3,0.01,GAMS
t138,11573.211983829498,0.3,0.01,GAMS
t139,11667.621520269935,0.3,0.01,GAMS
t140,11616.948983904862,0.3,0.01,GAMS
t141,11671.612534941713,0.3,0.01,GAMS
t142,11472.58913772195,0.3,0.01,GAMS
t143,11539.06394146361,0.3,0.01,GAMS
t144,11694.83232378846,0.3,0.01,GAMS
t145,11137.483124051723,0.3,0.01,GAMS
t146,11441.166790089595,0.3,0.01,GAMS
t147,11975.687853137646,0.3,0.01,GAMS
t148,12483.62481010485,0.3,0.01,GAMS
t149,13041.163162102614,0.3,0.01,GAMS
t150,13062.379683619665,0.3,0.01,GAMS
t151,13391.549282021384,0.3,0.01,GAMS
t152,13537.462526911617,0.3,0.01,GAMS
t153,14390.560570543654,0.3,0.01,GAMS
t154,14198.213877145363,0.3,0.01,GAMS
t155,14474.997373406317,0.3,0.01,GAMS
t156,14309.529237730732,0.3,0.01,GAMS
t157,14310.058663180957,0.3,0.01,GAMS
t158,14595.964803854726,0.3,0.01,GAMS
t159,14474.772218911481,0.3,0.01,GAMS
t160,14463.074049025963,0.3,0.01,GAMS
t161,14712.752000123355,0.3,0.01,GAMS
t162,15405.933356949286,0.3,0.01,GAMS
t163,16131.77348444212,0.3,0.01,GAMS
t1,13397.964953990928,0.3,0.2,GAMS
t2,12113.195287490633,0.3,0.2,GAMS
t3,10416.52251777547,0.3,0.2,GAMS
t4,11988.866394334897,0.3,0.2,GAMS
t5,13385.39118670916,0.3,0.2,GAMS
t6,16346.736007358255,0.3,0.2,GAMS
t7,18795.346532573505,0.3,0.2,GAMS
t8,14666.967443244917,0.3,0.2,GAMS
t9,15660.790186307548,0.3,0.2,GAMS
t10,17953.646135289313,0.3,0.2,GAMS
t11,18582.067054218922,0.3,0.2,GAMS
t12,17781.45118053734,0.3,0.2,GAMS
t13,19027.8474595434,0.3,0.2,GAMS
t14,19461.608023008594,0.3,0.2,GAMS
t15,21252.833050823283,0.3,0.2,GAMS
t16,18475.556465276048,0.3,0.2,GAMS
t17,21046.083766092273,0.3,0.2,GAMS
t18,23080.11879406859,0.3,0.2,GAMS
t19,21985.742995483295,0.3,0.2,GAMS
t20,12988.762244661408,0.3,0.2,GAMS
t21,12550.04321225573,0.3,0.2,GAMS
t22,13748.576944892013,0.3,0.2,GAMS
t23,12768.58209734448,0.3,0.2,GAMS
t24,12259.994357623109,0.3,0.2,GAMS
t25,10677.250150972535,0.3,0.2,GAMS
t26,11258.44254408304,0.3,0.2,GAMS
t27,11484.97873997375,0.3,0.2,GAMS
t28,10692.689225477692,0.3,0.2,GAMS
t29,11052.199024888265,0.3,0.2,GAMS
t30,12484.793577170913,0.3,0.2,GAMS
t31,13281.227545163616,0.3,0.2,GAMS
t32,14445.879293919495,0.3,0.2,GAMS
t33,14792.061363270126,0.3,0.2,GAMS
t34,14886.350664925603,0.3,0.2,GAMS
t35,15475.662157068924,0.3,0.2,GAMS
t36,14001.308465796572,0.3,0.2,GAMS
t37,14411.254075083467,0.3,0.2,GAMS
t38,13440.16022047534,0.3,0.2,GAMS
t39,14228.265318199361,0.3,0.2,GAMS
t40,15108.315567618542,0.3,0.2,GAMS
t41,16068.131783998471,0.3,0.2,GAMS
t42,16186.465189384853,0.3,0.2,GAMS
t43,16742.0361471386,0.3,0.2,GAMS
t44,16873.74010462891,0.3,0.2,GAMS
t45,17222.385710732226,0.3,0.2,GAMS
t46,16395.827276595624,0.3,0.2,GAMS
t47,15735.4889183198,0.3,0.2,GAMS
t48,15656.152092910019,0.3,0.2,GAMS
t49,15084.53067712627,0.3,0.2,GAMS
t50,14614.549927424854,0.3,0.2,GAMS
t51,15404.680877874147,0.3,0.2,GAMS
t52,14637.06341572797,0.3,0.2,GAMS
t53,13554.886510281365,0.3,0.2,GAMS
t54,13526.37684089983,0.3,0.2,GAMS
t55,11699.365425238653,0.3,0.2,GAMS
t56,11773.689331188634,0.3,0.2,GAMS
t57,12600.975837123167,0.3,0.2,GAMS
t58,12731.158032810015,0.3,0.2,GAMS
t59,12264.769234206628,0.3,0.2,GAMS
t60,12117.535099860432,0.3,0.2,GAMS
t61,12016.064551444611,0.3,0.2,GAMS
t62,11731.23413987211,0.3,0.2,GAMS
t63,12580.067674937525,0.3,0.2,GAMS
t64,13102.29260867444,0.3,0.2,GAMS
t65,13499.621897632189,0.3,0.2,GAMS
t66,12914.453107463902,0.3,0.2,GAMS
t67,12351.499122275607,0.3,0.2,GAMS
t68,12098.477776362886,0.3,0.2,GAMS
t69,11661.994098607567,0.3,0.2,GAMS
t70,11311.280649493925,0.3,0.2,GAMS
t71,10005.435882154334,0.3,0.2,GAMS
t72,9671.139772579922,0.3,0.2,GAMS
t73,9461.936352639339,0.3,0.2,GAMS
t74,9580.731337296216,0.3,0.2,GAMS
t75,9278.497525136021,0.3,0.2,GAMS
t76,6856.824369500858,0.3,0.2,GAMS
t77,7223.150382925475,0.3,0.2,GAMS
t78,6555.303460113005,0.3,0.2,GAMS
t79,7286.40940970314,0.3,0.2,GAMS
t80,7111.430198347131,0.3,0.2,GAMS
t81,7640.099296087286,0.3,0.2,GAMS
t82,8125.7964943858915,0.3,0.2,GAMS
t83,7992.878616737661,0.3,0.2,GAMS
t84,8431.746322744946,0.3,0.2,GAMS
t85,7797.697864028258,0.3,0.2,GAMS
t86,7479.996294642296,0.3,0.2,GAMS
t87,7264.099018644163,0.3,0.2,GAMS
t88,7669.508280899724,0.3,0.2,GAMS
t89,7080.1060190504895,0.3,0.2,GAMS
t90,6715.20465332505,0.3,0.2,GAMS
t91,6682.567180872754,0.3,0.2,GAMS
t92,6747.866319993707,0.3,0.2,GAMS
t93,6604.567308868569,0.3,0.2,GAMS
t94,6770.391138221671,0.3,0.2,GAMS
t95,7271.9238116905035,0.3,0.2,GAMS
t96,7282.975452383207,0.3,0.2,GAMS
t97,6620.926431521702,0.3,0.2,GAMS
t98,6500.503708744132,0.3,0.2,GAMS
t99,6510.562714280036,0.3,0.2,GAMS
t100,6701.579401801953,0.3,0.2,GAMS
t101,6584.081671383873,0.3,0.2,GAMS
t102,6326.044149153932,0.3,0.2,GAMS
t103,6385.869242210141,0.3,0.2,GAMS
t104,6323.23554012388,0.3,0.2,GAMS
t105,6478.7103861311425,0.3,0.2,GAMS
t106,7082.13378100925,0.3,0.2,GAMS
t107,7517.704975606316,0.3,0.2,GAMS
t108,7664.891798029293,0.3,0.2,GAMS
t109,7817.6877636733525,0.3,0.2,GAMS
t110,7413.41968961154,0.3,0.2,GAMS
t111,7931.284472104397,0.3,0.2,GAMS
t112,7433.9754340211075,0.3,0.2,GAMS
t113,7292.05117614508,0.3,0.2,GAMS
t114,6691.891750480662,0.3,0.2,GAMS
t115,7871.747596423056,0.3,0.2,GAMS
t116,7883.806175178272,0.3,0.2,GAMS
t117,8276.065219473676,0.3,0.2,GAMS
t118,8251.030320810334,0.3,0.2,GAMS
t119,8711.698798795343,0.3,0.2,GAMS
t120,8124.375994014743,0.3,0.2,GAMS
t121,8419.475765080497,0.3,0.2,GAMS
t122,8468.566330781841,0.3,0.2,GAMS
t123,7955.741422217087,0.3,0.2,GAMS
t124,8085.435650673908,0.3,0.2,GAMS
t125,8104.280780520315,0.3,0.2,GAMS
t126,8281.854010801157,0.3,0.2,GAMS
t127,8133.832890770966,0.3,0.2,GAMS
t128,8120.639345919579,0.3,0.2,GAMS
t129,8678.639932458293,0.3,0.2,GAMS
t130,8757.885941013416,0.3,0.2,GAMS
t131,8656.711865120982,0.3,0.2,GAMS
t132,8779.34100732391,0.3,0.2,GAMS
t133,8767.048981126225,0.3,0.2,GAMS
t134,8738.118643632371,0.3,0.2,GAMS
t135,8586.398851372871,0.3,0.2,GAMS
t136,8615.730775470785,0.3,0.2,GAMS
t137,8006.96652279692,0.3,0.2,GAMS
t138,8025.9147126109465,0.3,0.2,GAMS
t139,8079.673381524508,0.3,0.2,GAMS
t140,8052.4496138062095,0.3,0.2,GAMS
t141,8098.562810334448,0.3,0.2,GAMS
t142,7977.018679948987,0.3,0.2,GAMS
t143,8040.285898010997,0.3,0.2,GAMS
t144,8160.174696525678,0.3,0.2,GAMS
t145,7773.405506814444,0.3,0.2,GAMS
t146,7984.005593262646,0.3,0.2,GAMS
t147,8360.288242204306,0.3,0.2,GAMS
t148,8716.291360933743,0.3,0.2,GAMS
t149,9105.448791153116,0.3,0.2,GAMS
t150,9108.336609104848,0.3,0.2,GAMS
t151,9346.545007634715,0.3,0.2,GAMS
t152,9450.249661542803,0.3,0.2,GAMS
t153,10037.37625289319,0.3,0.2,GAMS
t154,9949.916713139392,0.3,0.2,GAMS
t155,10147.755697156106,0.3,0.2,GAMS
t156,10023.42285062048,0.3,0.2,GAMS
t157,10032.44960884078,0.3,0.2,GAMS
t158,10234.10907704574,0.3,0.2,GAMS
t159,10134.717977000639,0.3,0.2,GAMS
t160,10119.828270373568,0.3,0.2,GAMS
t161,10296.29661279399,0.3,0.2,GAMS
t162,10798.460857745995,0.3,0.2,GAMS
t163,11325.116328853515,0.3,0.2,GAMS
t1,13397.964953990928,0.3,0.5,GAMS
t2,12112.620002537022,0.3,0.5,GAMS
t3,10416.027811917005,0.3,0.5,GAMS
t4,11988.29701406125,0.3,0.5,GAMS
t5,13384.755482094055,0.3,0.5,GAMS
t6,16345.95966131227,0.3,0.5,GAMS
t7,18794.453896088955,0.3,0.5,GAMS
t8,14666.270873472457,0.3,0.5,GAMS
t9,15660.046417488338,0.3,0.5,GAMS
t10,17952.793473193233,0.3,0.5,GAMS
t11,18581.184546892855,0.3,0.5,GAMS
t12,17555.980058341902,0.3,0.5,GAMS
t13,19027.810195715727,0.3,0.5,GAMS
t14,19444.05701866282,0.3,0.5,GAMS
t15,21589.702604286227,0.3,0.5,GAMS
t16,18115.918252620664,0.3,0.5,GAMS
t17,20606.602078465403,0.3,0.5,GAMS
t18,22577.192383445723,0.3,0.5,GAMS
t19,21515.764047506906,0.3,0.5,GAMS
t20,12816.121986059708,0.3,0.5,GAMS
t21,12390.235709555802,0.3,0.5,GAMS
t22,13560.157228196244,0.3,0.5,GAMS
t23,12593.253256454826,0.3,0.5,GAMS
t24,12091.549632268529,0.3,0.5,GAMS
t25,10530.549619249336,0.3,0.5,GAMS
t26,11103.757060079914,0.3,0.5,GAMS
t27,11324.043539104256,0.3,0.5,GAMS
t28,10541.793195497325,0.3,0.5,GAMS
t29,10896.229565733427,0.3,0.5,GAMS
t30,12308.607236560669,0.3,0.5,GAMS
t31,13093.801868837412,0.3,0.5,GAMS
t32,14241.245135194054,0.3,0.5,GAMS
t33,14582.523337145129,0.3,0.5,GAMS
t34,14674.870471377359,0.3,0.5,GAMS
t35,15255.809773637511,0.3,0.5,GAMS
t36,13802.401827834105,0.3,0.5,GAMS
t37,14206.523392614472,0.3,0.5,GAMS
t38,13249.225702098905,0.3,0.5,GAMS
t39,14026.134238169703,0.3,0.5,GAMS
t40,14893.00997725351,0.3,0.5,GAMS
t41,15838.384827808655,0.3,0.5,GAMS
t42,15955.026766864217,0.3,0.5,GAMS
t43,16518.608627184858,0.3,0.5,GAMS
t44,16639.346992636143,0.3,0.5,GAMS
t45,17001.62396417341,0.3,0.5,GAMS
t46,16145.026555893328,0.3,0.5,GAMS
t47,15481.202889598344,0.3,0.5,GAMS
t48,15408.39532727559,0.3,0.5,GAMS
t49,14792.57620783518,0.3,0.5,GAMS
t50,14323.702664796318,0.3,0.5,GAMS
t51,15119.207042493688,0.3,0.5,GAMS
t52,14324.651996740653,0.3,0.5,GAMS
t53,13271.922133181153,0.3,0.5,GAMS
t54,13243.907919889465,0.3,0.5,GAMS
t55,11464.061557938821,0.3,0.5,GAMS
t56,11541.297635501252,0.3,0.5,GAMS
t57,12222.335661045372,0.3,0.5,GAMS
t58,12334.612983266328,0.3,0.5,GAMS
t59,11868.289334004441,0.3,0.5,GAMS
t60,11710.75653046534,0.3,0.5,GAMS
t61,11619.791615002194,0.3,0.5,GAMS
t62,11352.613274875277,0.3,0.5,GAMS
t63,12192.589896781772,0.3,0.5,GAMS
t64,12736.218435068296,0.3,0.5,GAMS
t65,13171.412839765957,0.3,0.5,GAMS
t66,12548.313390647605,0.3,0.5,GAMS
t67,11965.528714309166,0.3,0.5,GAMS
t68,11731.87782835578,0.3,0.5,GAMS
t69,11304.381804919818,0.3,0.5,GAMS
t70,10923.47333117235,0.3,0.5,GAMS
t71,9533.716130559533,0.3,0.5,GAMS
t72,9218.103555193658,0.3,0.5,GAMS
t73,9150.85999368349,0.3,0.5,GAMS
t74,9275.727703148428,0.3,0.5,GAMS
t75,8990.164160313365,0.3,0.5,GAMS
t76,6576.079967610849,0.3,0.5,GAMS
t77,6946.346325926594,0.3,0.5,GAMS
t78,6447.195334145596,0.3,0.5,GAMS
t79,7000.090414608453,0.3,0.5,GAMS
t80,6838.223954113015,0.3,0.5,GAMS
t81,7345.932883642046,0.3,0.5,GAMS
t82,7812.83025076639,0.3,0.5,GAMS
t83,7679.443703001083,0.3,0.5,GAMS
t84,8107.005118506272,0.3,0.5,GAMS
t85,7480.192599216032,0.3,0.5,GAMS
t86,7175.551156195082,0.3,0.5,GAMS
t87,6969.542423481676,0.3,0.5,GAMS
t88,7376.120082202655,0.3,0.5,GAMS
t89,6783.698052019134,0.3,0.5,GAMS
t90,6430.773084861503,0.3,0.5,GAMS
t91,6419.209431402885,0.3,0.5,GAMS
t92,6477.80882230356,0.3,0.5,GAMS
t93,6335.776812176677,0.3,0.5,GAMS
t94,6478.237350720434,0.3,0.5,GAMS
t95,6986.480959680631,0.3,0.5,GAMS
t96,7027.874602413783,0.3,0.5,GAMS
t97,6259.94041966469,0.3,0.5,GAMS
t98,6167.658020565534,0.3,0.5,GAMS
t99,6201.771273901669,0.3,0.5,GAMS
t100,6381.721350466703,0.3,0.5,GAMS
t101,6276.868085484225,0.3,0.5,GAMS
t102,6023.770322613674,0.3,0.5,GAMS
t103,6085.028929719274,0.3,0.5,GAMS
t104,6022.146737216814,0.3,0.5,GAMS
t105,6174.058228000112,0.3,0.5,GAMS
t106,6774.842703924383,0.3,0.5,GAMS
t107,7220.330047683524,0.3,0.5,GAMS
t108,7359.541192024995,0.3,0.5,GAMS
t109,7508.027755601172,0.3,0.5,GAMS
t110,7100.782868642526,0.3,0.5,GAMS
t111,7629.001017072898,0.3,0.5,GAMS
t112,7217.358325708287,0.3,0.5,GAMS
t113,7055.702414705765,0.3,0.5,GAMS
t114,6450.73672769516,0.3,0.5,GAMS
t115,7688.693591793148,0.3,0.5,GAMS
t116,7725.629747571643,0.3,0.5,GAMS
t117,8080.310115959476,0.3,0.5,GAMS
t118,8059.833617085679,0.3,0.5,GAMS
t119,8514.697780334696,0.3,0.5,GAMS
t120,7933.366777695472,0.3,0.5,GAMS
t121,8224.356997249815,0.3,0.5,GAMS
t122,8278.455730969028,0.3,0.5,GAMS
t123,7752.144574940343,0.3,0.5,GAMS
t124,7878.5083068253925,0.3,0.5,GAMS
t125,7896.508791737138,0.3,0.5,GAMS
t126,8071.690728833657,0.3,0.5,GAMS
t127,7915.189290919693,0.3,0.5,GAMS
t128,7887.401723463639,0.3,0.5,GAMS
t129,8474.913267787728,0.3,0.5,GAMS
t130,8543.976963221736,0.3,0.5,GAMS
t131,8445.316502971284,0.3,0.5,GAMS
t132,8559.203219285066,0.3,0.5,GAMS
t133,8542.296232862793,0.3,0.5,GAMS
t134,8506.137503915512,0.3,0.5,GAMS
t135,8340.13995152859,0.3,0.5,GAMS
t136,8378.429320727306,0.3,0.5,GAMS
t137,7745.144833214775,0.3,0.5,GAMS
t138,7758.953352891743,0.3,0.5,GAMS
t139,7796.98175684369,0.3,0.5,GAMS
t140,7778.208563573578,0.3,0.5,GAMS
t141,7828.455537872356,0.3,0.5,GAMS
t142,7722.4673622621785,0.3,0.5,GAMS
t143,7795.5792422129625,0.3,0.5,GAMS
t144,7919.7311296251955,0.3,0.5,GAMS
t145,7721.7950440208,0.3,0.5,GAMS
t146,7933.42343227349,0.3,0.5,GAMS
t147,8307.323881733257,0.3,0.5,GAMS
t148,8661.071285339149,0.3,0.5,GAMS
t149,9047.569444316901,0.3,0.5,GAMS
t150,9039.25072834206,0.3,0.5,GAMS
t151,9284.099457045273,0.3,0.5,GAMS
t152,9388.928306953372,0.3,0.5,GAMS
t153,10004.820963582337,0.3,0.5,GAMS
t154,9898.357039963748,0.3,0.5,GAMS
t155,10102.26825002352,0.3,0.5,GAMS
t156,9969.47216875129,0.3,0.5,GAMS
t157,9987.808842995482,0.3,0.5,GAMS
t158,10189.630280363277,0.3,0.5,GAMS
t159,10078.095742406811,0.3,0.5,GAMS
t160,10056.306141915398,0.3,0.5,GAMS
t161,10233.819877641943,0.3,0.5,GAMS
t162,10753.735360248089,0.3,0.5,GAMS
t163,11300.064451094902,0.3,0.5,GAMS
t1,11590.55419157529,0.7,0.01,GAMS
t2,10739.459302496232,0.7,0.01,GAMS
t3,9844.470027634956,0.7,0.01,GAMS
t4,10709.91148447818,0.7,0.01,GAMS
t5,11666.438079245625,0.7,0.01,GAMS
t6,12934.26642699515,0.7,0.01,GAMS
t7,14252.345999968966,0.7,0.01,GAMS
t8,12030.275182636358,0.7,0.01,GAMS
t9,12633.146674928006,0.7,0.01,GAMS
t10,13930.704813333736,0.7,0.01,GAMS
t11,14183.468502984522,0.7,0.01,GAMS
t12,14004.406957995454,0.7,0.01,GAMS
t13,14504.836251226934,0.7,0.01,GAMS
t14,14869.02972364161,0.7,0.01,GAMS
t15,15418.99002771804,0.7,0.01,GAMS
t16,14767.27137538977,0.7,0.01,GAMS
t17,16157.876431046203,0.7,0.01,GAMS
t18,17174.007601753474,0.7,0.01,GAMS
t19,16695.341907468646,0.7,0.01,GAMS
t20,14339.576082240756,0.7,0.01,GAMS
t21,14042.962129267045,0.7,0.01,GAMS
t22,14929.197281032675,0.7,0.01,GAMS
t23,14513.576486484346,0.7,0.01,GAMS
t24,14111.654582039248,0.7,0.01,GAMS
t25,13764.238975065522,0.7,0.01,GAMS
t26,14279.8847954499,0.7,0.01,GAMS
t27,14434.21985141911,0.7,0.01,GAMS
t28,13987.835651224954,0.7,0.01,GAMS
t29,14345.247289120427,0.7,0.01,GAMS
t30,14923.86285063815,0.7,0.01,GAMS
t31,15545.25286318348,0.7,0.01,GAMS
t32,16266.555959367055,0.7,0.01,GAMS
t33,16379.592066051078,0.7,0.01,GAMS
t34,16564.655943744347,0.7,0.01,GAMS
t35,16846.893627664103,0.7,0.01,GAMS
t36,16119.784533826656,0.7,0.01,GAMS
t37,16372.245020206297,0.7,0.01,GAMS
t38,15958.883604082619,0.7,0.01,GAMS
t39,16272.405515244956,0.7,0.01,GAMS
t40,16839.289165259626,0.7,0.01,GAMS
t41,17461.54010616895,0.7,0.01,GAMS
t42,17681.482577928604,0.7,0.01,GAMS
t43,18055.289191582648,0.7,0.01,GAMS
t44,18332.146463437297,0.7,0.01,GAMS
t45,18456.57114525191,0.7,0.01,GAMS
t46,18121.97766809031,0.7,0.01,GAMS
t47,17582.67516273689,0.7,0.01,GAMS
t48,17419.256771550365,0.7,0.01,GAMS
t49,17491.465003569432,0.7,0.01,GAMS
t50,17057.395414277955,0.7,0.01,GAMS
t51,17645.4624887466,0.7,0.01,GAMS
t52,17405.02250472945,0.7,0.01,GAMS
t53,16678.795892724767,0.7,0.01,GAMS
t54,16636.767168736533,0.7,0.01,GAMS
t55,15069.644393498913,0.7,0.01,GAMS
t56,15169.830073905478,0.7,0.01,GAMS
t57,15788.885965842443,0.7,0.01,GAMS
t58,15711.936556508059,0.7,0.01,GAMS
t59,15328.823783531476,0.7,0.01,GAMS
t60,15327.55472265203,0.7,0.01,GAMS
t61,15159.956478810462,0.7,0.01,GAMS
t62,14755.02233245184,0.7,0.01,GAMS
t63,15720.746341736105,0.7,0.01,GAMS
t64,16159.340415667539,0.7,0.01,GAMS
t65,16347.742288440773,0.7,0.01,GAMS
t66,15953.391107873505,0.7,0.01,GAMS
t67,15460.251819477378,0.7,0.01,GAMS
t68,15076.260275744944,0.7,0.01,GAMS
t69,14558.660555330785,0.7,0.01,GAMS
t70,14375.766025190469,0.7,0.01,GAMS
t71,13475.089982210433,0.7,0.01,GAMS
t72,13035.808822607176,0.7,0.01,GAMS
t73,13343.569353963334,0.7,0.01,GAMS
t74,13335.277840769484,0.7,0.01,GAMS
t75,12734.337863388659,0.7,0.01,GAMS
t76,11115.18681820098,0.7,0.01,GAMS
t77,11737.104893208332,0.7,0.01,GAMS
t78,11082.781388850202,0.7,0.01,GAMS
t79,11724.541917823193,0.7,0.01,GAMS
t80,11539.685297137556,0.7,0.01,GAMS
t81,12080.587579149282,0.7,0.01,GAMS
t82,12694.863582833175,0.7,0.01,GAMS
t83,12633.8589273259,0.7,0.01,GAMS
t84,13149.762558883764,0.7,0.01,GAMS
t85,12671.114242866712,0.7,0.01,GAMS
t86,12151.98721293949,0.7,0.01,GAMS
t87,11773.196580853635,0.7,0.01,GAMS
t88,12307.08500088157,0.7,0.01,GAMS
t89,11541.743725882343,0.7,0.01,GAMS
t90,10968.058367595366,0.7,0.01,GAMS
t91,10781.556948926063,0.7,0.01,GAMS
t92,10917.023002385635,0.7,0.01,GAMS
t93,10720.992843685346,0.7,0.01,GAMS
t94,11123.908897757949,0.7,0.01,GAMS
t95,11727.731558731695,0.7,0.01,GAMS
t96,11523.565055671686,0.7,0.01,GAMS
t97,11391.401637695708,0.7,0.01,GAMS
t98,11212.934644085379,0.7,0.01,GAMS
t99,11309.801298747952,0.7,0.01,GAMS
t100,11530.736472424247,0.7,0.01,GAMS
t101,11212.674140170473,0.7,0.01,GAMS
t102,10886.78547917752,0.7,0.01,GAMS
t103,10920.288431865905,0.7,0.01,GAMS
t104,10869.172206771931,0.7,0.01,GAMS
t105,11068.816481156482,0.7,0.01,GAMS
t106,11664.969577393085,0.7,0.01,GAMS
t107,11924.077304909144,0.7,0.01,GAMS
t108,12189.354003431921,0.7,0.01,GAMS
t109,12403.764493978417,0.7,0.01,GAMS
t110,12060.918520243737,0.7,0.01,GAMS
t111,12383.029428228363,0.7,0.01,GAMS
t112,11762.08620958862,0.7,0.01,GAMS
t113,11841.160749454752,0.7,0.01,GAMS
t114,11144.734030325393,0.7,0.01,GAMS
t115,11921.997829566433,0.7,0.01,GAMS
t116,11999.468918780312,0.7,0.01,GAMS
t117,12471.424150180863,0.7,0.01,GAMS
t118,12441.57978761824,0.7,0.01,GAMS
t119,12773.871675384742,0.7,0.01,GAMS
t120,12388.665663653,0.7,0.01,GAMS
t121,12666.581110430781,0.7,0.01,GAMS
t122,12634.847656738377,0.7,0.01,GAMS
t123,12308.651578131181,0.7,0.01,GAMS
t124,12509.425741263236,0.7,0.01,GAMS
t125,12544.878792552561,0.7,0.01,GAMS
t126,12789.850180617519,0.7,0.01,GAMS
t127,12735.675798715687,0.7,0.01,GAMS
t128,12931.38732363986,0.7,0.01,GAMS
t129,13155.664555929618,0.7,0.01,GAMS
t130,13384.063812137,0.7,0.01,GAMS
t131,13228.823676849777,0.7,0.01,GAMS
t132,13499.524563185463,0.7,0.01,GAMS
t133,13553.596680140545,0.7,0.01,GAMS
t134,13627.71978856334,0.7,0.01,GAMS
t135,13366.805878229608,0.7,0.01,GAMS
t136,13364.657535400496,0.7,0.01,GAMS
t137,12830.150143475046,0.7,0.01,GAMS
t138,12901.601418412905,0.7,0.01,GAMS
t139,13132.686765193104,0.7,0.01,GAMS
t140,13008.524100516255,0.7,0.01,GAMS
t141,13021.119739008682,0.7,0.01,GAMS
t142,12701.574717271324,0.7,0.01,GAMS
t143,12675.718485042711,0.7,0.01,GAMS
t144,12781.26113292635,0.7,0.01,GAMS
t145,12424.666775248761,0.7,0.01,GAMS
t146,12386.088856994895,0.7,0.01,GAMS
t147,12436.64392959083,0.7,0.01,GAMS
t148,13070.10021575795,0.7,0.01,GAMS
t149,13409.1118179184,0.7,0.01,GAMS
t150,13581.981620656583,0.7,0.01,GAMS
t151,13805.163744714939,0.7,0.01,GAMS
t152,13930.23547888819,0.7,0.01,GAMS
t153,14305.88012782111,0.7,0.01,GAMS
t154,14427.096814446919,0.7,0.01,GAMS
t155,14621.728883118543,0.7,0.01,GAMS
t156,14580.18971059844,0.7,0.01,GAMS
t157,14449.031666899064,0.7,0.01,GAMS
t158,14723.312360641197,0.7,0.01,GAMS
t159,14745.129875179413,0.7,0.01,GAMS
t160,14815.359680955555,0.7,0.01,GAMS
t161,15041.05393028107,0.7,0.01,GAMS
t162,15453.478157586462,0.7,0.01,GAMS
t163,15877.215431730814,0.7,0.01,GAMS
t1,11836.890552775392,0.7,0.2,GAMS
t2,11073.255204732597,0.7,0.2,GAMS
t3,10207.472516244294,0.7,0.2,GAMS
t4,11016.236341769634,0.7,0.2,GAMS
t5,11995.375455376303,0.7,0.2,GAMS
t6,13675.568314421938,0.7,0.2,GAMS
t7,14890.271707622835,0.7,0.2,GAMS
t8,12746.807918588014,0.7,0.2,GAMS
t9,13314.871818203577,0.7,0.2,GAMS
t10,14641.799888536552,0.7,0.2,GAMS
t11,14907.396113580911,0.7,0.2,GAMS
t12,14715.661137444653,0.7,0.2,GAMS
t13,15259.602818709587,0.7,0.2,GAMS
t14,15641.339981136705,0.7,0.2,GAMS
t15,16390.10057777839,0.7,0.2,GAMS
t16,15443.116492396533,0.7,0.2,GAMS
t17,16512.706279991853,0.7,0.2,GAMS
t18,17407.763014294782,0.7,0.2,GAMS
t19,16874.996356473006,0.7,0.2,GAMS
t20,13404.538655379296,0.7,0.2,GAMS
t21,13232.950828995388,0.7,0.2,GAMS
t22,13948.207708940556,0.7,0.2,GAMS
t23,13558.265130072255,0.7,0.2,GAMS
t24,13179.104953567983,0.7,0.2,GAMS
t25,12664.373520111605,0.7,0.2,GAMS
t26,13077.426985130049,0.7,0.2,GAMS
t27,13217.823022507268,0.7,0.2,GAMS
t28,12753.727099240565,0.7,0.2,GAMS
t29,13078.60524254593,0.7,0.2,GAMS
t30,13776.568111287672,0.7,0.2,GAMS
t31,14226.545286895884,0.7,0.2,GAMS
t32,14847.544620994426,0.7,0.2,GAMS
t33,14950.520365601024,0.7,0.2,GAMS
t34,15119.224924390659,0.7,0.2,GAMS
t35,15431.241080381653,0.7,0.2,GAMS
t36,14637.006505995936,0.7,0.2,GAMS
t37,14778.264931173708,0.7,0.2,GAMS
t38,14382.246401355429,0.7,0.2,GAMS
t39,14573.088301705031,0.7,0.2,GAMS
t40,15052.06330639479,0.7,0.2,GAMS
t41,15610.329418581288,0.7,0.2,GAMS
t42,15806.419063493675,0.7,0.2,GAMS
t43,16163.930265239142,0.7,0.2,GAMS
t44,16398.31028327972,0.7,0.2,GAMS
t45,16520.468217448306,0.7,0.2,GAMS
t46,16197.465537194726,0.7,0.2,GAMS
t47,15707.320392523976,0.7,0.2,GAMS
t48,15564.771105076787,0.7,0.2,GAMS
t49,15636.525213309997,0.7,0.2,GAMS
t50,15249.841753805042,0.7,0.2,GAMS
t51,15807.015607360347,0.7,0.2,GAMS
t52,15531.479316482499,0.7,0.2,GAMS
t53,14877.889275575617,0.7,0.2,GAMS
t54,14839.03632456709,0.7,0.2,GAMS
t55,13393.330231408003,0.7,0.2,GAMS
t56,13488.867625169523,0.7,0.2,GAMS
t57,14023.001898096576,0.7,0.2,GAMS
t58,13954.177592476866,0.7,0.2,GAMS
t59,13610.985054478813,0.7,0.2,GAMS
t60,13607.08903532171,0.7,0.2,GAMS
t61,13459.941141252615,0.7,0.2,GAMS
t62,13099.940754313535,0.7,0.2,GAMS
t63,13956.253153639711,0.7,0.2,GAMS
t64,14351.950877695832,0.7,0.2,GAMS
t65,14551.01962163223,0.7,0.2,GAMS
t66,14166.885469346955,0.7,0.2,GAMS
t67,13722.276794470863,0.7,0.2,GAMS
t68,13384.907716680213,0.7,0.2,GAMS
t69,12922.708447476909,0.7,0.2,GAMS
t70,12734.430584094172,0.7,0.2,GAMS
t71,11906.34437458868,0.7,0.2,GAMS
t72,11525.319854998184,0.7,0.2,GAMS
t73,11831.74873796544,0.7,0.2,GAMS
t74,11827.453365564721,0.7,0.2,GAMS
t75,11327.694936917938,0.7,0.2,GAMS
t76,9572.612580694497,0.7,0.2,GAMS
t77,10131.303496999395,0.7,0.2,GAMS
t78,9581.410394265517,0.7,0.2,GAMS
t79,10135.84214922565,0.7,0.2,GAMS
t80,9975.261451441002,0.7,0.2,GAMS
t81,10442.307167121135,0.7,0.2,GAMS
t82,10973.10841639579,0.7,0.2,GAMS
t83,10913.001728953275,0.7,0.2,GAMS
t84,11376.448432394764,0.7,0.2,GAMS
t85,10911.176162908047,0.7,0.2,GAMS
t86,10463.694972921478,0.7,0.2,GAMS
t87,10135.691682767505,0.7,0.2,GAMS
t88,10599.416577808111,0.7,0.2,GAMS
t89,9934.316993945755,0.7,0.2,GAMS
t90,9441.974281062818,0.7,0.2,GAMS
t91,9278.461200967471,0.7,0.2,GAMS
t92,9393.390916998316,0.7,0.2,GAMS
t93,9220.269604158404,0.7,0.2,GAMS
t94,9550.134193250515,0.7,0.2,GAMS
t95,10087.53722093645,0.7,0.2,GAMS
t96,9922.08753430283,0.7,0.2,GAMS
t97,9761.504590136188,0.7,0.2,GAMS
t98,9644.123404142098,0.7,0.2,GAMS
t99,9730.970388179861,0.7,0.2,GAMS
t100,9920.12923134216,0.7,0.2,GAMS
t101,9654.270715612985,0.7,0.2,GAMS
t102,9372.542245335067,0.7,0.2,GAMS
t103,9402.085303867812,0.7,0.2,GAMS
t104,9353.607640610751,0.7,0.2,GAMS
t105,9530.820357534823,0.7,0.2,GAMS
t106,10066.97270058849,0.7,0.2,GAMS
t107,10307.24251699189,0.7,0.2,GAMS
t108,10536.246631648344,0.7,0.2,GAMS
t109,10723.762774321121,0.7,0.2,GAMS
t110,10409.220168462232,0.7,0.2,GAMS
t111,10718.77406239661,0.7,0.2,GAMS
t112,10258.136594493039,0.7,0.2,GAMS
t113,10280.73551748509,0.7,0.2,GAMS
t114,9640.82816503715,0.7,0.2,GAMS
t115,10463.228051847056,0.7,0.2,GAMS
t116,10550.434601926943,0.7,0.2,GAMS
t117,10984.414022792835,0.7,0.2,GAMS
t118,10963.274303349252,0.7,0.2,GAMS
t119,11280.904597879824,0.7,0.2,GAMS
t120,10940.309816259141,0.7,0.2,GAMS
t121,11168.091611737145,0.7,0.2,GAMS
t122,11147.060452467083,0.7,0.2,GAMS
t123,10830.223151568425,0.7,0.2,GAMS
t124,11006.947563708496,0.7,0.2,GAMS
t125,11038.059934423132,0.7,0.2,GAMS
t126,11255.26332719956,0.7,0.2,GAMS
t127,11197.895384310263,0.7,0.2,GAMS
t128,11357.960026150342,0.7,0.2,GAMS
t129,11585.778153814981,0.7,0.2,GAMS
t130,11787.447751889822,0.7,0.2,GAMS
t131,11650.781401489712,0.7,0.2,GAMS
t132,11882.649501486401,0.7,0.2,GAMS
t133,11923.612733820608,0.7,0.2,GAMS
t134,11978.020795744815,0.7,0.2,GAMS
t135,11732.151714539605,0.7,0.2,GAMS
t136,11727.906763837776,0.7,0.2,GAMS
t137,11233.415033687159,0.7,0.2,GAMS
t138,11297.90786813416,0.7,0.2,GAMS
t139,11490.975762696893,0.7,0.2,GAMS
t140,11388.35829804424,0.7,0.2,GAMS
t141,11405.280358970278,0.7,0.2,GAMS
t142,11137.207829911158,0.7,0.2,GAMS
t143,11126.603298228736,0.7,0.2,GAMS
t144,11227.212082324673,0.7,0.2,GAMS
t145,11021.213481973491,0.7,0.2,GAMS
t146,10986.07259770053,0.7,0.2,GAMS
t147,11032.861798618376,0.7,0.2,GAMS
t148,11595.621128876608,0.7,0.2,GAMS
t149,11897.882603749274,0.7,0.2,GAMS
t150,12047.27966237158,0.7,0.2,GAMS
t151,12253.179698638462,0.7,0.2,GAMS
t152,12365.87993642593,0.7,0.2,GAMS
t153,12718.102099278678,0.7,0.2,GAMS
t154,12845.044558473015,0.7,0.2,GAMS
t155,13011.136655297318,0.7,0.2,GAMS
t156,12964.380388992,0.7,0.2,GAMS
t157,12858.044324784081,0.7,0.2,GAMS
t158,13103.276564692227,0.7,0.2,GAMS
t159,13132.833549851335,0.7,0.2,GAMS
t160,13201.778962568094,0.7,0.2,GAMS
t161,13404.5810083957,0.7,0.2,GAMS
t162,13794.17174311578,0.7,0.2,GAMS
t163,14195.085542725727,0.7,0.2,GAMS
t1,11836.890552775392,0.7,0.5,GAMS
t2,11119.847808307084,0.7,0.5,GAMS
t3,10337.483293865876,0.7,0.5,GAMS
t4,11062.751400352736,0.7,0.5,GAMS
t5,12007.38849748391,0.7,0.5,GAMS
t6,13565.955253472821,0.7,0.5,GAMS
t7,14666.275645575659,0.7,0.5,GAMS
t8,12695.522555972806,0.7,0.5,GAMS
t9,13224.045173638608,0.7,0.5,GAMS
t10,14463.703059427775,0.7,0.5,GAMS
t11,14699.719478230321,0.7,0.5,GAMS
t12,14464.101023020912,0.7,0.5,GAMS
t13,15092.126637231959,0.7,0.5,GAMS
t14,15463.181603514431,0.7,0.5,GAMS
t15,16335.75745409911,0.7,0.5,GAMS
t16,15161.152488766771,0.7,0.5,GAMS
t17,16082.861702981438,0.7,0.5,GAMS
t18,16871.281531304077,0.7,0.5,GAMS
t19,16389.561676555557,0.7,0.5,GAMS
t20,13426.26057537586,0.7,0.5,GAMS
t21,13316.023628366156,0.7,0.5,GAMS
t22,13916.240374798032,0.7,0.5,GAMS
t23,13528.017779322221,0.7,0.5,GAMS
t24,13149.6442818891,0.7,0.5,GAMS
t25,12636.06348300292,0.7,0.5,GAMS
t26,13048.193605156912,0.7,0.5,GAMS
t27,13186.663743733365,0.7,0.5,GAMS
t28,12723.258411970462,0.7,0.5,GAMS
t29,13047.360444925287,0.7,0.5,GAMS
t30,13743.6561138103,0.7,0.5,GAMS
t31,14192.558401860013,0.7,0.5,GAMS
t32,14812.074346001456,0.7,0.5,GAMS
t33,14914.461385330133,0.7,0.5,GAMS
t34,15082.624299947978,0.7,0.5,GAMS
t35,15393.885397721515,0.7,0.5,GAMS
t36,14601.572854391592,0.7,0.5,GAMS
t37,14742.489588778899,0.7,0.5,GAMS
t38,14347.429177325792,0.7,0.5,GAMS
t39,14537.809694795818,0.7,0.5,GAMS
t40,15015.625633146388,0.7,0.5,GAMS
t41,15588.998429959347,0.7,0.5,GAMS
t42,15781.380620045766,0.7,0.5,GAMS
t43,16147.053971512287,0.7,0.5,GAMS
t44,16376.142272467123,0.7,0.5,GAMS
t45,16508.330279791262,0.7,0.5,GAMS
t46,16163.441437653986,0.7,0.5,GAMS
t47,15666.699031108215,0.7,0.5,GAMS
t48,15527.495878084874,0.7,0.5,GAMS
t49,15568.992347900763,0.7,0.5,GAMS
t50,15179.264143481345,0.7,0.5,GAMS
t51,15746.396158751162,0.7,0.5,GAMS
t52,15447.878034999205,0.7,0.5,GAMS
t53,14776.715949421696,0.7,0.5,GAMS
t54,14738.000730240401,0.7,0.5,GAMS
t55,13372.779839916315,0.7,0.5,GAMS
t56,13469.818098765134,0.7,0.5,GAMS
t57,13941.324130462615,0.7,0.5,GAMS
t58,13858.087825461465,0.7,0.5,GAMS
t59,13503.683871634455,0.7,0.5,GAMS
t60,13486.605713684274,0.7,0.5,GAMS
t61,13343.8561735823,0.7,0.5,GAMS
t62,12990.73329739862,0.7,0.5,GAMS
t63,13848.345735321482,0.7,0.5,GAMS
t64,14257.921712707459,0.7,0.5,GAMS
t65,14477.491790407152,0.7,0.5,GAMS
t66,14072.493616934884,0.7,0.5,GAMS
t67,13614.880636875876,0.7,0.5,GAMS
t68,13285.340727721206,0.7,0.5,GAMS
t69,12824.670411174542,0.7,0.5,GAMS
t70,12619.340898971142,0.7,0.5,GAMS
t71,11739.602679768139,0.7,0.5,GAMS
t72,11364.664737482775,0.7,0.5,GAMS
t73,11721.289077741883,0.7,0.5,GAMS
t74,11717.478129036654,0.7,0.5,GAMS
t75,11222.282573982578,0.7,0.5,GAMS
t76,9484.329659402583,0.7,0.5,GAMS
t77,10050.181205143868,0.7,0.5,GAMS
t78,9598.86006566355,0.7,0.5,GAMS
t79,10074.186868289675,0.7,0.5,GAMS
t80,9916.85254991169,0.7,0.5,GAMS
t81,10380.518406022615,0.7,0.5,GAMS
t82,10913.243609368099,0.7,0.5,GAMS
t83,10846.10316864996,0.7,0.5,GAMS
t84,11315.182876930996,0.7,0.5,GAMS
t85,10828.040861138557,0.7,0.5,GAMS
t86,10384.151597800439,0.7,0.5,GAMS
t87,10060.261432283065,0.7,0.5,GAMS
t88,10528.023965670322,0.7,0.5,GAMS
t89,9856.464298790695,0.7,0.5,GAMS
t90,9366.542444751063,0.7,0.5,GAMS
t91,9212.933964395399,0.7,0.5,GAMS
t92,9325.276598196659,0.7,0.5,GAMS
t93,9151.482381235492,0.7,0.5,GAMS
t94,9471.691513560972,0.7,0.5,GAMS
t95,10017.108045665153,0.7,0.5,GAMS
t96,9866.042059095276,0.7,0.5,GAMS
t97,9652.043694806665,0.7,0.5,GAMS
t98,9551.338844056305,0.7,0.5,GAMS
t99,9654.820234010574,0.7,0.5,GAMS
t100,9841.03648332072,0.7,0.5,GAMS
t101,9582.967736100485,0.7,0.5,GAMS
t102,9297.644962639437,0.7,0.5,GAMS
t103,9330.42019726413,0.7,0.5,GAMS
t104,9279.743927646676,0.7,0.5,GAMS
t105,9458.654841928506,0.7,0.5,GAMS
t106,10011.38898639404,0.7,0.5,GAMS
t107,10272.624578801075,0.7,0.5,GAMS
t108,10499.255578400092,0.7,0.5,GAMS
t109,10687.44102958164,0.7,0.5,GAMS
t110,10359.812099038745,0.7,0.5,GAMS
t111,10692.485560354364,0.7,0.5,GAMS
t112,10278.973821662636,0.7,0.5,GAMS
t113,10289.627239729522,0.7,0.5,GAMS
t114,9636.352281674408,0.7,0.5,GAMS
t115,10512.81448414938,0.7,0.5,GAMS
t116,10616.919232185483,0.7,0.5,GAMS
t117,11033.969560182559,0.7,0.5,GAMS
t118,11015.343056442878,0.7,0.5,GAMS
t119,11334.510593314857,0.7,0.5,GAMS
t120,10992.297331354204,0.7,0.5,GAMS
t121,11221.16152849447,0.7,0.5,GAMS
t122,11200.53260751274,0.7,0.5,GAMS
t123,10879.777791971834,0.7,0.5,GAMS
t124,11057.309681319208,0.7,0.5,GAMS
t125,11088.456926677496,0.7,0.5,GAMS
t126,11308.511922176915,0.7,0.5,GAMS
t127,11240.648642162321,0.7,0.5,GAMS
t128,11388.663916162855,0.7,0.5,GAMS
t129,11656.310615072452,0.7,0.5,GAMS
t130,11852.381824297869,0.7,0.5,GAMS
t131,11714.997745973733,0.7,0.5,GAMS
t132,11943.388864499797,0.7,0.5,GAMS
t133,11980.464565033515,0.7,0.5,GAMS
t134,12028.465851092402,0.7,0.5,GAMS
t135,11769.55558634893,0.7,0.5,GAMS
t136,11771.451857278935,0.7,0.5,GAMS
t137,11248.311497963477,0.7,0.5,GAMS
t138,11309.853385515466,0.7,0.5,GAMS
t139,11493.724981478976,0.7,0.5,GAMS
t140,11396.19564907488,0.7,0.5,GAMS
t141,11416.995195652315,0.7,0.5,GAMS
t142,11156.40657484473,0.7,0.5,GAMS
t143,11153.71148271516,0.7,0.5,GAMS
t144,11259.801601566794,0.7,0.5,GAMS
t145,11168.888151977757,0.7,0.5,GAMS
t146,11140.470441958825,0.7,0.5,GAMS
t147,11195.67194419966,0.7,0.5,GAMS
t148,11765.2043137689,0.7,0.5,GAMS
t149,12079.40884389164,0.7,0.5,GAMS
t150,12225.486652785516,0.7,0.5,GAMS
t151,12438.637346181762,0.7,0.5,GAMS
t152,12553.939376068667,0.7,0.5,GAMS
t153,12927.549652572547,0.7,0.5,GAMS
t154,13047.40967030593,0.7,0.5,GAMS
t155,13219.561752694735,0.7,0.5,GAMS
t156,13167.711924962661,0.7,0.5,GAMS
t157,13064.257563381996,0.7,0.5,GAMS
t158,13313.93272617221,0.7,0.5,GAMS
t159,13337.917253051035,0.7,0.5,GAMS
t160,13404.537810357924,0.7,0.5,GAMS
t161,13611.510887757397,0.7,0.5,GAMS
t162,14017.29734402942,0.7,0.5,GAMS
t163,14435.181108928798,0.7,0.5,GAMS
t1,11066.765860407142,1.1,0.01,GAMS
t2,10477.270511332135,1.1,0.01,GAMS
t3,9967.85848389546,1.1,0.01,GAMS
t4,10416.067075229885,1.1,0.01,GAMS
t5,11182.274911002301,1.1,0.01,GAMS
t6,11992.073622719498,1.1,0.01,GAMS
t7,12725.591472824754,1.1,0.01,GAMS
t8,11359.240917537481,1.1,0.01,GAMS
t9,11751.020426264231,1.1,0.01,GAMS
t10,12626.988938082304,1.1,0.01,GAMS
t11,12736.159737679349,1.1,0.01,GAMS
t12,12680.3802051536,1.1,0.01,GAMS
t13,13024.72811261438,1.1,0.01,GAMS
t14,13357.941907274871,1.1,0.01,GAMS
t15,13730.435141702294,1.1,0.01,GAMS
t16,13367.761719017948,1.1,0.01,GAMS
t17,14176.507255834425,1.1,0.01,GAMS
t18,14836.592221680834,1.1,0.01,GAMS
t19,14499.458106714614,1.1,0.01,GAMS
t20,13201.601788322863,1.1,0.01,GAMS
t21,13079.210526634111,1.1,0.01,GAMS
t22,13660.916125966767,1.1,0.01,GAMS
t23,13442.394259616372,1.1,0.01,GAMS
t24,13112.222996247889,1.1,0.01,GAMS
t25,13046.282580279369,1.1,0.01,GAMS
t26,13435.329951601367,1.1,0.01,GAMS
t27,13545.806607804287,1.1,0.01,GAMS
t28,13236.776770512988,1.1,0.01,GAMS
t29,13544.130587564112,1.1,0.01,GAMS
t30,13860.14775384326,1.1,0.01,GAMS
t31,14272.278649781043,1.1,0.01,GAMS
t32,14781.30563283664,1.1,0.01,GAMS
t33,14817.540923358272,1.1,0.01,GAMS
t34,15001.018100020645,1.1,0.01,GAMS
t35,15190.961345109501,1.1,0.01,GAMS
t36,14688.979983206375,1.1,0.01,GAMS
t37,14801.907355041514,1.1,0.01,GAMS
t38,14599.329411299881,1.1,0.01,GAMS
t39,14670.245093550739,1.1,0.01,GAMS
t40,15065.717439912221,1.1,0.01,GAMS
t41,15513.103511720828,1.1,0.01,GAMS
t42,15730.636748065122,1.1,0.01,GAMS
t43,16014.685465369052,1.1,0.01,GAMS
t44,16288.170282606568,1.1,0.01,GAMS
t45,16360.18159834797,1.1,0.01,GAMS
t46,16146.877904886745,1.1,0.01,GAMS
t47,15712.192874892362,1.1,0.01,GAMS
t48,15547.782351320413,1.1,0.01,GAMS
t49,15754.846380070587,1.1,0.01,GAMS
t50,15393.15259668779,1.1,0.01,GAMS
t51,15851.56043101224,1.1,0.01,GAMS
t52,15773.159008229692,1.1,0.01,GAMS
t53,15253.464611704649,1.1,0.01,GAMS
t54,15212.840011619921,1.1,0.01,GAMS
t55,13916.654579122012,1.1,0.01,GAMS
t56,14014.158863667528,1.1,0.01,GAMS
t57,14458.105361527494,1.1,0.01,GAMS
t58,14327.249933942101,1.1,0.01,GAMS
t59,14025.430550200135,1.1,0.01,GAMS
t60,14069.858390628306,1.1,0.01,GAMS
t61,13905.67235270559,1.1,0.01,GAMS
t62,13525.483538492103,1.1,0.01,GAMS
t63,14391.199157854928,1.1,0.01,GAMS
t64,14749.700746009483,1.1,0.01,GAMS
t65,14861.025013872171,1.1,0.01,GAMS
t66,14567.481825947525,1.1,0.01,GAMS
t67,14170.85973377059,1.1,0.01,GAMS
t68,13801.84801228945,1.1,0.01,GAMS
t69,13333.377166494753,1.1,0.01,GAMS
t70,13214.555577106397,1.1,0.01,GAMS
t71,12527.055517433984,1.1,0.01,GAMS
t72,12126.141319403512,1.1,0.01,GAMS
t73,12587.127600364534,1.1,0.01,GAMS
t74,12537.491275123906,1.1,0.01,GAMS
t75,11946.991062739931,1.1,0.01,GAMS
t76,10647.993683862129,1.1,0.01,GAMS
t77,11268.183698255008,1.1,0.01,GAMS
t78,10757.760702082947,1.1,0.01,GAMS
t79,11223.322079883668,1.1,0.01,GAMS
t80,11070.926912714911,1.1,0.01,GAMS
t81,11506.583092734369,1.1,0.01,GAMS
t82,12051.713386675407,1.1,0.01,GAMS
t83,12026.779215070084,1.1,0.01,GAMS
t84,12480.02646976166,1.1,0.01,GAMS
t85,12134.097285513868,1.1,0.01,GAMS
t86,11635.762785490868,1.1,0.01,GAMS
t87,11265.090141181405,1.1,0.01,GAMS
t88,11746.853975496442,1.1,0.01,GAMS
t89,11058.700554686433,1.1,0.01,GAMS
t90,10514.979884416492,1.1,0.01,GAMS
t91,10302.298006926398,1.1,0.01,GAMS
t92,10437.860489330373,1.1,0.01,GAMS
t93,10257.412842906488,1.1,0.01,GAMS
t94,10669.329914193619,1.1,0.01,GAMS
t95,11207.231381564983,1.1,0.01,GAMS
t96,10965.284089953278,1.1,0.01,GAMS
t97,11024.938498574988,1.1,0.01,GAMS
t98,10886.632081880321,1.1,0.01,GAMS
t99,11002.914238930967,1.1,0.01,GAMS
t100,11187.799552298879,1.1,0.01,GAMS
t101,10851.38614636901,1.1,0.01,GAMS
t102,10559.949387946945,1.1,0.01,GAMS
t103,10577.760134837661,1.1,0.01,GAMS
t104,10539.597599779952,1.1,0.01,GAMS
t105,10718.148445554638,1.1,0.01,GAMS
t106,11200.53346328266,1.1,0.01,GAMS
t107,11333.728852901144,1.1,0.01,GAMS
t108,11595.056345791143,1.1,0.01,GAMS
t109,11792.095587253581,1.1,0.01,GAMS
t110,11519.893744424005,1.1,0.01,GAMS
t111,11700.935109641592,1.1,0.01,GAMS
t112,11209.4688944577,1.1,0.01,GAMS
t113,11337.682270299314,1.1,0.01,GAMS
t114,10710.723128801601,1.1,0.01,GAMS
t115,11238.685387200567,1.1,0.01,GAMS
t116,11341.39735733179,1.1,0.01,GAMS
t117,11766.050883375772,1.1,0.01,GAMS
t118,11743.879957049767,1.1,0.01,GAMS
t119,11973.235760134596,1.1,0.01,GAMS
t120,11714.353940277002,1.1,0.01,GAMS
t121,11916.43228812115,1.1,0.01,GAMS
t122,11861.058512607806,1.1,0.01,GAMS
t123,11660.523502357742,1.1,0.01,GAMS
t124,11850.767833858457,1.1,0.01,GAMS
t125,11886.049739315979,1.1,0.01,GAMS
t126,12111.617074022894,1.1,0.01,GAMS
t127,12098.647498765189,1.1,0.01,GAMS
t128,12332.272131097796,1.1,0.01,GAMS
t129,12394.556448654488,1.1,0.01,GAMS
t130,12637.889882176049,1.1,0.01,GAMS
t131,12491.181118358352,1.1,0.01,GAMS
t132,12763.80134116458,1.1,0.01,GAMS
t133,12829.224141962728,1.1,0.01,GAMS
t134,12922.694514050214,1.1,0.01,GAMS
t135,12657.813442063532,1.1,0.01,GAMS
t136,12646.320576280299,1.1,0.01,GAMS
t137,12233.339931795263,1.1,0.01,GAMS
t138,12314.013614194095,1.1,0.01,GAMS
t139,12567.331504403173,1.1,0.01,GAMS
t140,12430.995351413005,1.1,0.01,GAMS
t141,12430.36147551898,1.1,0.01,GAMS
t142,12099.926764504024,1.1,0.01,GAMS
t143,12049.456658064253,1.1,0.01,GAMS
t144,12132.785619693896,1.1,0.01,GAMS
t145,11932.649085887071,1.1,0.01,GAMS
t146,11796.826041137185,1.1,0.01,GAMS
t147,11707.796199386106,1.1,0.01,GAMS
t148,12331.335786968632,1.1,0.01,GAMS
t149,12592.684325127424,1.1,0.01,GAMS
t150,12795.672959643602,1.1,0.01,GAMS
t151,12975.893995533563,1.1,0.01,GAMS
t152,13086.653522016057,1.1,0.01,GAMS
t153,13310.881243852822,1.1,0.01,GAMS
t154,13504.496172997166,1.1,0.01,GAMS
t155,13665.030613542058,1.1,0.01,GAMS
t156,13658.861075857827,1.1,0.01,GAMS
t157,13501.671977207661,1.1,0.01,GAMS
t158,13754.136504801843,1.1,0.01,GAMS
t159,13807.972101771005,1.1,0.01,GAMS
t160,13892.493683573486,1.1,0.01,GAMS
t161,14095.89696739106,1.1,0.01,GAMS
t162,14405.50780857698,1.1,0.01,GAMS
t163,14721.921773116981,1.1,0.01,GAMS
t1,11494.533084936349,1.1,0.2,GAMS
t2,10954.39748117943,1.1,0.2,GAMS
t3,10473.031863665323,1.1,0.2,GAMS
t4,10887.206874735686,1.1,0.2,GAMS
t5,11688.570739399976,1.1,0.2,GAMS
t6,12800.779161903132,1.1,0.2,GAMS
t7,13505.891215994212,1.1,0.2,GAMS
t8,12127.47557292719,1.1,0.2,GAMS
t9,12512.279887757872,1.1,0.2,GAMS
t10,13435.523152494568,1.1,0.2,GAMS
t11,13551.510669448719,1.1,0.2,GAMS
t12,13490.472922169221,1.1,0.2,GAMS
t13,13867.230255950213,1.1,0.2,GAMS
t14,14222.531765051723,1.1,0.2,GAMS
t15,14732.053074713951,1.1,0.2,GAMS
t16,14173.762642804408,1.1,0.2,GAMS
t17,14812.801571530712,1.1,0.2,GAMS
t18,15397.933026974597,1.1,0.2,GAMS
t19,15018.209920035497,1.1,0.2,GAMS
t20,13011.295018025667,1.1,0.2,GAMS
t21,12951.280678139019,1.1,0.2,GAMS
t22,13442.218599827109,1.1,0.2,GAMS
t23,13225.986501348738,1.1,0.2,GAMS
t24,12898.919529408764,1.1,0.2,GAMS
t25,12711.882321098423,1.1,0.2,GAMS
t26,13050.848348551712,1.1,0.2,GAMS
t27,13157.55257994579,1.1,0.2,GAMS
t28,12813.533928745304,1.1,0.2,GAMS
t29,13112.311238626542,1.1,0.2,GAMS
t30,13547.546346214003,1.1,0.2,GAMS
t31,13878.468685598922,1.1,0.2,GAMS
t32,14304.972678668255,1.1,0.2,GAMS
t33,14345.061754118353,1.1,0.2,GAMS
t34,14523.97083721053,1.1,0.2,GAMS
t35,14746.062653276083,1.1,0.2,GAMS
t36,14168.803270543369,1.1,0.2,GAMS
t37,14227.300320719536,1.1,0.2,GAMS
t38,14008.50315206174,1.1,0.2,GAMS
t39,14015.581667984536,1.1,0.2,GAMS
t40,14350.51537607556,1.1,0.2,GAMS
t41,14787.674108558089,1.1,0.2,GAMS
t42,14992.744595960665,1.1,0.2,GAMS
t43,15282.763082746482,1.1,0.2,GAMS
t44,15532.644218222722,1.1,0.2,GAMS
t45,15591.108201787294,1.1,0.2,GAMS
t46,15409.966622873208,1.1,0.2,GAMS
t47,14986.696651422793,1.1,0.2,GAMS
t48,14833.826133870454,1.1,0.2,GAMS
t49,15072.35690486685,1.1,0.2,GAMS
t50,14726.645532075157,1.1,0.2,GAMS
t51,15192.700872250278,1.1,0.2,GAMS
t52,15065.17288908367,1.1,0.2,GAMS
t53,14552.96272451114,1.1,0.2,GAMS
t54,14512.999808015353,1.1,0.2,GAMS
t55,13254.70448327624,1.1,0.2,GAMS
t56,13351.863417896568,1.1,0.2,GAMS
t57,13773.714567391084,1.1,0.2,GAMS
t58,13648.805658067156,1.1,0.2,GAMS
t59,13352.823028985476,1.1,0.2,GAMS
t60,13387.046800165659,1.1,0.2,GAMS
t61,13233.331097177883,1.1,0.2,GAMS
t62,12868.49656853086,1.1,0.2,GAMS
t63,13685.33786667526,1.1,0.2,GAMS
t64,14024.61244526352,1.1,0.2,GAMS
t65,14152.700508270726,1.1,0.2,GAMS
t66,13848.07446886798,1.1,0.2,GAMS
t67,13462.09615693153,1.1,0.2,GAMS
t68,13115.245951425159,1.1,0.2,GAMS
t69,12668.19143027844,1.1,0.2,GAMS
t70,12540.115066885906,1.1,0.2,GAMS
t71,11887.619268617955,1.1,0.2,GAMS
t72,11511.80984180797,1.1,0.2,GAMS
t73,11969.267130515447,1.1,0.2,GAMS
t74,11922.75328762884,1.1,0.2,GAMS
t75,11384.149379086106,1.1,0.2,GAMS
t76,9949.611334729514,1.1,0.2,GAMS
t77,10543.705742040824,1.1,0.2,GAMS
t78,10081.22420479911,1.1,0.2,GAMS
t79,10517.034083023895,1.1,0.2,GAMS
t80,10373.852050282494,1.1,0.2,GAMS
t81,10781.697419337153,1.1,0.2,GAMS
t82,11299.227179180405,1.1,0.2,GAMS
t83,11267.752245636982,1.1,0.2,GAMS
t84,11711.47020280399,1.1,0.2,GAMS
t85,11332.209730197355,1.1,0.2,GAMS
t86,10866.706773374846,1.1,0.2,GAMS
t87,10519.37131205478,1.1,0.2,GAMS
t88,10969.701698349454,1.1,0.2,GAMS
t89,10326.41909659163,1.1,0.2,GAMS
t90,9820.596262448002,1.1,0.2,GAMS
t91,9614.89569281756,1.1,0.2,GAMS
t92,9741.315898294606,1.1,0.2,GAMS
t93,9569.743402706317,1.1,0.2,GAMS
t94,9941.845472838047,1.1,0.2,GAMS
t95,10449.734714464139,1.1,0.2,GAMS
t96,10224.143272002022,1.1,0.2,GAMS
t97,10279.756268858964,1.1,0.2,GAMS
t98,10173.379466018076,1.1,0.2,GAMS
t99,10285.684428956069,1.1,0.2,GAMS
t100,10457.852826499517,1.1,0.2,GAMS
t101,10151.293628846612,1.1,0.2,GAMS
t102,9882.629482022236,1.1,0.2,GAMS
t103,9896.87478694431,1.1,0.2,GAMS
t104,9858.421950397096,1.1,0.2,GAMS
t105,10029.999238106004,1.1,0.2,GAMS
t106,10493.134083296276,1.1,0.2,GAMS
t107,10635.655313879388,1.1,0.2,GAMS
t108,10879.626392262471,1.1,0.2,GAMS
t109,11066.899388952606,1.1,0.2,GAMS
t110,10809.977383253981,1.1,0.2,GAMS
t111,11012.941807556876,1.1,0.2,GAMS
t112,10600.62274056486,1.1,0.2,GAMS
t113,10685.58536067657,1.1,0.2,GAMS
t114,10078.938443808185,1.1,0.2,GAMS
t115,10688.549219696253,1.1,0.2,GAMS
t116,10799.409554690104,1.1,0.2,GAMS
t117,11215.880394767642,1.1,0.2,GAMS
t118,11197.973939863448,1.1,0.2,GAMS
t119,11440.533931403314,1.1,0.2,GAMS
t120,11211.267611137904,1.1,0.2,GAMS
t121,11397.291073390963,1.1,0.2,GAMS
t122,11352.185966520672,1.1,0.2,GAMS
t123,11127.669087443863,1.1,0.2,GAMS
t124,11309.294265960543,1.1,0.2,GAMS
t125,11342.80251150203,1.1,0.2,GAMS
t126,11559.132942006388,1.1,0.2,GAMS
t127,11540.492037021788,1.1,0.2,GAMS
t128,11755.548380750479,1.1,0.2,GAMS
t129,11835.34868856259,1.1,0.2,GAMS
t130,12068.074152922885,1.1,0.2,GAMS
t131,11928.016293013488,1.1,0.2,GAMS
t132,12184.060518848608,1.1,0.2,GAMS
t133,12242.170343617085,1.1,0.2,GAMS
t134,12324.284450094463,1.1,0.2,GAMS
t135,12060.67386487497,1.1,0.2,GAMS
t136,12048.360245921625,1.1,0.2,GAMS
t137,11637.817350744072,1.1,0.2,GAMS
t138,11715.821354767506,1.1,0.2,GAMS
t139,11950.714041739897,1.1,0.2,GAMS
t140,11825.057235601564,1.1,0.2,GAMS
t141,11828.341157735784,1.1,0.2,GAMS
t142,11521.69321400222,1.1,0.2,GAMS
t143,11481.56207685431,1.1,0.2,GAMS
t144,11566.182547333552,1.1,0.2,GAMS
t145,11445.553383420574,1.1,0.2,GAMS
t146,11319.818373164708,1.1,0.2,GAMS
t147,11242.93991412231,1.1,0.2,GAMS
t148,11840.830338288755,1.1,0.2,GAMS
t149,12094.542759131513,1.1,0.2,GAMS
t150,12287.4430117838,1.1,0.2,GAMS
t151,12466.511148419113,1.1,0.2,GAMS
t152,12574.599849766839,1.1,0.2,GAMS
t153,12815.221072476328,1.1,0.2,GAMS
t154,13009.696845578133,1.1,0.2,GAMS
t155,13152.785335101567,1.1,0.2,GAMS
t156,13137.162211408535,1.1,0.2,GAMS
t157,12996.18360210174,1.1,0.2,GAMS
t158,13240.336911617873,1.1,0.2,GAMS
t159,13314.22777502354,1.1,0.2,GAMS
t160,13408.980755992237,1.1,0.2,GAMS
t161,13607.230920842521,1.1,0.2,GAMS
t162,13928.204997509461,1.1,0.2,GAMS
t163,14256.750369063033,1.1,0.2,GAMS
t1,11494.533889511473,1.1,0.5,GAMS
t2,10954.398021750232,1.1,0.5,GAMS
t3,10473.031956499848,1.1,0.5,GAMS
t4,10887.207441005132,1.1,0.5,GAMS
t5,11688.571535317895,1.1,0.5,GAMS
t6,12800.780626945914,1.1,0.5,GAMS
t7,13505.893249878498,1.1,0.5,GAMS
t8,12127.476759778398,1.1,0.5,GAMS
t9,12512.281288200613,1.1,0.5,GAMS
t10,13435.52502213269,1.1,0.5,GAMS
t11,13551.233897482723,1.1,0.5,GAMS
t12,13480.741012954448,1.1,0.5,GAMS
t13,13917.474809699783,1.1,0.5,GAMS
t14,14269.937143858755,1.1,0.5,GAMS
t15,14865.331898755378,1.1,0.5,GAMS
t16,14157.262120672032,1.1,0.5,GAMS
t17,14721.828432528175,1.1,0.5,GAMS
t18,15256.39931750967,1.1,0.5,GAMS
t19,14897.600306865657,1.1,0.5,GAMS
t20,13112.2654696571,1.1,0.5,GAMS
t21,13094.079727609436,1.1,0.5,GAMS
t22,13508.064950021933,1.1,0.5,GAMS
t23,13291.155069907938,1.1,0.5,GAMS
t24,12962.431433387903,1.1,0.5,GAMS
t25,12774.474021433278,1.1,0.5,GAMS
t26,13115.108899660605,1.1,0.5,GAMS
t27,13221.286670631438,1.1,0.5,GAMS
t28,12875.49083832362,1.1,0.5,GAMS
t29,13175.712817479962,1.1,0.5,GAMS
t30,13613.05240478052,1.1,0.5,GAMS
t31,13945.574843370914,1.1,0.5,GAMS
t32,14374.141098848133,1.1,0.5,GAMS
t33,14414.400249155708,1.1,0.5,GAMS
t34,14594.17410974294,1.1,0.5,GAMS
t35,14817.02850747505,1.1,0.5,GAMS
t36,14236.99104722068,1.1,0.5,GAMS
t37,14295.769616147409,1.1,0.5,GAMS
t38,14075.919479769675,1.1,0.5,GAMS
t39,14083.032061255646,1.1,0.5,GAMS
t40,14419.577647530943,1.1,0.5,GAMS
t41,14873.383232996257,1.1,0.5,GAMS
t42,15076.681544063898,1.1,0.5,GAMS
t43,15375.847114128988,1.1,0.5,GAMS
t44,15622.914158132304,1.1,0.5,GAMS
t45,15690.493226400182,1.1,0.5,GAMS
t46,15489.225416204248,1.1,0.5,GAMS
t47,15057.184296537627,1.1,0.5,GAMS
t48,14906.176627651323,1.1,0.5,GAMS
t49,15119.812733339324,1.1,0.5,GAMS
t50,14768.881782922625,1.1,0.5,GAMS
t51,15247.279027774926,1.1,0.5,GAMS
t52,15098.292173443497,1.1,0.5,GAMS
t53,14566.358487396174,1.1,0.5,GAMS
t54,14526.166071000634,1.1,0.5,GAMS
t55,13346.434615818614,1.1,0.5,GAMS
t56,13445.17644196908,1.1,0.5,GAMS
t57,13827.566685344018,1.1,0.5,GAMS
t58,13687.699834874651,1.1,0.5,GAMS
t59,13383.324101147484,1.1,0.5,GAMS
t60,13410.229697607241,1.1,0.5,GAMS
t61,13257.986260305723,1.1,0.5,GAMS
t62,12894.589181021347,1.1,0.5,GAMS
t63,13717.817781148855,1.1,0.5,GAMS
t64,14067.374144478903,1.1,0.5,GAMS
t65,14211.998206199281,1.1,0.5,GAMS
t66,13889.3598428209,1.1,0.5,GAMS
t67,13490.449784807059,1.1,0.5,GAMS
t68,13146.71262611889,1.1,0.5,GAMS
t69,12697.173101580538,1.1,0.5,GAMS
t70,12555.125785258117,1.1,0.5,GAMS
t71,11876.795454556854,1.1,0.5,GAMS
t72,11501.256079065091,1.1,0.5,GAMS
t73,11983.480224621275,1.1,0.5,GAMS
t74,11933.924291405998,1.1,0.5,GAMS
t75,11392.232534567964,1.1,0.5,GAMS
t76,9981.100562610553,1.1,0.5,GAMS
t77,10585.727822396891,1.1,0.5,GAMS
t78,10188.16712517872,1.1,0.5,GAMS
t79,10591.982630628458,1.1,0.5,GAMS
t80,10448.244449043374,1.1,0.5,GAMS
t81,10862.999673096447,1.1,0.5,GAMS
t82,11387.433405330356,1.1,0.5,GAMS
t83,11352.554813992238,1.1,0.5,GAMS
t84,11803.230547475929,1.1,0.5,GAMS
t85,11410.625978301656,1.1,0.5,GAMS
t86,10941.980279293584,1.1,0.5,GAMS
t87,10592.935061793858,1.1,0.5,GAMS
t88,11049.63137115553,1.1,0.5,GAMS
t89,10396.977641836662,1.1,0.5,GAMS
t90,9887.080039781726,1.1,0.5,GAMS
t91,9683.689423378468,1.1,0.5,GAMS
t92,9810.252885584436,1.1,0.5,GAMS
t93,9636.638690778944,1.1,0.5,GAMS
t94,10008.251343329946,1.1,0.5,GAMS
t95,10524.889897871766,1.1,0.5,GAMS
t96,10303.003105038748,1.1,0.5,GAMS
t97,10337.32259254401,1.1,0.5,GAMS
t98,10240.9275708659,1.1,0.5,GAMS
t99,10366.07919566213,1.1,0.5,GAMS
t100,10539.647954556647,1.1,0.5,GAMS
t101,10236.27272501363,1.1,0.5,GAMS
t102,9959.728168155372,1.1,0.5,GAMS
t103,9977.535943992874,1.1,0.5,GAMS
t104,9936.133841229419,1.1,0.5,GAMS
t105,10112.254225991841,1.1,0.5,GAMS
t106,10600.415767085522,1.1,0.5,GAMS
t107,10767.100496625506,1.1,0.5,GAMS
t108,11012.469537286715,1.1,0.5,GAMS
t109,11203.368774887835,1.1,0.5,GAMS
t110,10929.00787872699,1.1,0.5,GAMS
t111,11159.160588965036,1.1,0.5,GAMS
t112,10774.219142588503,1.1,0.5,GAMS
t113,10854.247084665229,1.1,0.5,GAMS
t114,10230.99900139478,1.1,0.5,GAMS
t115,10879.851367831669,1.1,0.5,GAMS
t116,11002.719843156896,1.1,0.5,GAMS
t117,11415.036338912798,1.1,0.5,GAMS
t118,11398.40038218948,1.1,0.5,GAMS
t119,11645.294698013431,1.1,0.5,GAMS
t120,11411.924716101896,1.1,0.5,GAMS
t121,11601.277709282487,1.1,0.5,GAMS
t122,11555.31135240331,1.1,0.5,GAMS
t123,11326.776699737213,1.1,0.5,GAMS
t124,11511.651701086,1.1,0.5,GAMS
t125,11545.559552343164,1.1,0.5,GAMS
t126,11767.245566110489,1.1,0.5,GAMS
t127,11740.027966498514,1.1,0.5,GAMS
t128,11948.559695515709,1.1,0.5,GAMS
t129,12061.539090116046,1.1,0.5,GAMS
t130,12293.240691323044,1.1,0.5,GAMS
t131,12150.597854212307,1.1,0.5,GAMS
t132,12407.599633281041,1.1,0.5,GAMS
t133,12463.478623373592,1.1,0.5,GAMS
t134,12541.705095065701,1.1,0.5,GAMS
t135,12264.803757047888,1.1,0.5,GAMS
t136,12251.746736782754,1.1,0.5,GAMS
t137,11812.963497330276,1.1,0.5,GAMS
t138,11889.6653137387,1.1,0.5,GAMS
t139,12120.36993820569,1.1,0.5,GAMS
t140,11997.115630144275,1.1,0.5,GAMS
t141,12003.607380157251,1.1,0.5,GAMS
t142,11698.75019039323,1.1,0.5,GAMS
t143,11664.457343242926,1.1,0.5,GAMS
t144,11754.677794050549,1.1,0.5,GAMS
t145,11714.863794148285,1.1,0.5,GAMS
t146,11594.384806629776,1.1,0.5,GAMS
t147,11525.230637213235,1.1,0.5,GAMS
t148,12136.259863550405,1.1,0.5,GAMS
t149,12400.813509286187,1.1,0.5,GAMS
t150,12595.231686793124,1.1,0.5,GAMS
t151,12781.32302882035,1.1,0.5,GAMS
t152,12892.680596797933,1.1,0.5,GAMS
t153,13149.033055401893,1.1,0.5,GAMS
t154,13343.108995557315,1.1,0.5,GAMS
t155,13491.927344416288,1.1,0.5,GAMS
t156,13473.303915209828,1.1,0.5,GAMS
t157,13331.44497707995,1.1,0.5,GAMS
t158,13582.201532762052,1.1,0.5,GAMS
t159,13654.386195304709,1.1,0.5,GAMS
t160,13749.520103021647,1.1,0.5,GAMS
t161,13953.439805526456,1.1,0.5,GAMS
t162,14288.69453486174,1.1,0.5,GAMS
t163,14632.004319803968,1.1,0.5,GAMS
t1,11836.890552775392,N/A,N/A,1/N
t2,11181.550848689232,N/A,N/A,1/N
t3,10506.052410548547,N/A,N/A,1/N
t4,11122.05420886851,N/A,N/A,1/N
t5,12022.412290622868,N/A,N/A,1/N
t6,13426.094088668318,N/A,N/A,1/N
t7,14383.508145291316,N/A,N/A,1/N
t8,12625.745474303685,N/A,N/A,1/N
t9,13104.297393379904,N/A,N/A,1/N
t10,14234.268469995879,N/A,N/A,1/N
t11,14428.596364794661,N/A,N/A,1/N
t12,14081.594857323591,N/A,N/A,1/N
t13,14815.312428487228,N/A,N/A,1/N
t14,15170.933051487358,N/A,N/A,1/N
t15,16202.801488873452,N/A,N/A,1/N
t16,14727.889902183846,N/A,N/A,1/N
t17,15756.261759415915,N/A,N/A,1/N
t18,16613.970526791254,N/A,N/A,1/N
t19,16103.971682355443,N/A,N/A,1/N
t20,12774.166307597035,N/A,N/A,1/N
t21,12632.158558891815,N/A,N/A,1/N
t22,13273.959385716387,N/A,N/A,1/N
t23,12809.522046718572,N/A,N/A,1/N
t24,12425.36708377103,N/A,N/A,1/N
t25,11748.87291249583,N/A,N/A,1/N
t26,12175.873305513318,N/A,N/A,1/N
t27,12353.353179631804,N/A,N/A,1/N
t28,11716.033222779975,N/A,N/A,1/N
t29,12061.040624086685,N/A,N/A,1/N
t30,13153.247748223552,N/A,N/A,1/N
t31,13782.562693739126,N/A,N/A,1/N
t32,14712.433534898972,N/A,N/A,1/N
t33,14954.58401497837,N/A,N/A,1/N
t34,15078.870350676323,N/A,N/A,1/N
t35,15564.215622486783,N/A,N/A,1/N
t36,14347.639543356465,N/A,N/A,1/N
t37,14657.750418835762,N/A,N/A,1/N
t38,13902.365772285042,N/A,N/A,1/N
t39,14471.26691388597,N/A,N/A,1/N
t40,15228.105587840366,N/A,N/A,1/N
t41,16106.979616868526,N/A,N/A,1/N
t42,16244.122213977449,N/A,N/A,1/N
t43,16776.330771120316,N/A,N/A,1/N
t44,16923.407697600116,N/A,N/A,1/N
t45,17242.733403208018,N/A,N/A,1/N
t46,16481.754425631003,N/A,N/A,1/N
t47,15840.355255745233,N/A,N/A,1/N
t48,15751.818739829268,N/A,N/A,1/N
t49,15264.611087380841,N/A,N/A,1/N
t50,14802.33399710919,N/A,N/A,1/N
t51,15567.404884426818,N/A,N/A,1/N
t52,14860.12885617335,N/A,N/A,1/N
t53,13862.661272882075,N/A,N/A,1/N
t54,13831.904109826739,N/A,N/A,1/N
t55,12095.440311774837,N/A,N/A,1/N
t56,12178.260924249833,N/A,N/A,1/N
t57,12834.933807911506,N/A,N/A,1/N
t58,12911.611836255172,N/A,N/A,1/N
t59,12439.752138617645,N/A,N/A,1/N
t60,12288.925291631891,N/A,N/A,1/N
t61,12190.157701311347,N/A,N/A,1/N
t62,11905.818088525837,N/A,N/A,1/N
t63,12777.645606838572,N/A,N/A,1/N
t64,13329.010530498017,N/A,N/A,1/N
t65,13760.526149068111,N/A,N/A,1/N
t66,13135.0074886486,N/A,N/A,1/N
t67,12542.472758873455,N/A,N/A,1/N
t68,12291.943495103073,N/A,N/A,1/N
t69,11846.11338190177,N/A,N/A,1/N
t70,11466.993111297317,N/A,N/A,1/N
t71,10071.178243066994,N/A,N/A,1/N
t72,9746.95687282496,N/A,N/A,1/N
t73,9870.205063265748,N/A,N/A,1/N
t74,9933.795515462665,N/A,N/A,1/N
t75,9569.201986993685,N/A,N/A,1/N
t76,7560.375968379214,N/A,N/A,1/N
t77,7999.147211529304,N/A,N/A,1/N
t78,7535.494002323433,N/A,N/A,1/N
t79,8040.930516740207,N/A,N/A,1/N
t80,7886.113080312023,N/A,N/A,1/N
t81,8403.32831554832,N/A,N/A,1/N
t82,8906.773058315512,N/A,N/A,1/N
t83,8774.637311886197,N/A,N/A,1/N
t84,9241.695984319249,N/A,N/A,1/N
t85,8589.52672480148,N/A,N/A,1/N
t86,8239.252646409132,N/A,N/A,1/N
t87,7998.67884778253,N/A,N/A,1/N
t88,8446.638149108194,N/A,N/A,1/N
t89,7795.735092931193,N/A,N/A,1/N
t90,7393.720584707726,N/A,N/A,1/N
t91,7359.160526807163,N/A,N/A,1/N
t92,7430.7837072981065,N/A,N/A,1/N
t93,7272.6708167363,N/A,N/A,1/N
t94,7454.1106106143425,N/A,N/A,1/N
t95,8008.273003848074,N/A,N/A,1/N
t96,8022.586451519534,N/A,N/A,1/N
t97,7284.354391175479,N/A,N/A,1/N
t98,7185.655398344597,N/A,N/A,1/N
t99,7235.503178166288,N/A,N/A,1/N
t100,7426.784075082672,N/A,N/A,1/N
t101,7285.4749910767705,N/A,N/A,1/N
t102,7012.084303946905,N/A,N/A,1/N
t103,7071.040156453256,N/A,N/A,1/N
t104,7007.160334394354,N/A,N/A,1/N
t105,7172.8725238610305,N/A,N/A,1/N
t106,7796.92227423643,N/A,N/A,1/N
t107,8227.622803583428,N/A,N/A,1/N
t108,8392.322258742804,N/A,N/A,1/N
t109,8556.634325182511,N/A,N/A,1/N
t110,8146.022094109925,N/A,N/A,1/N
t111,8660.681136105457,N/A,N/A,1/N
t112,8273.762712872069,N/A,N/A,1/N
t113,8202.892707925957,N/A,N/A,1/N
t114,7607.309686356405,N/A,N/A,1/N
t115,8613.90196025628,N/A,N/A,1/N
t116,8681.206887665703,N/A,N/A,1/N
t117,9045.79478023704,N/A,N/A,1/N
t118,9027.388841602391,N/A,N/A,1/N
t119,9487.056310392281,N/A,N/A,1/N
t120,8917.18352334966,N/A,N/A,1/N
t121,9213.788746162849,N/A,N/A,1/N
t122,9258.012117990023,N/A,N/A,1/N
t123,8737.883472627824,N/A,N/A,1/N
t124,8880.346880705389,N/A,N/A,1/N
t125,8901.636456673403,N/A,N/A,1/N
t126,9094.709646331887,N/A,N/A,1/N
t127,8944.142487489058,N/A,N/A,1/N
t128,8944.314674367477,N/A,N/A,1/N
t129,9514.035302278668,N/A,N/A,1/N
t130,9609.028554753593,N/A,N/A,1/N
t131,9497.980283733106,N/A,N/A,1/N
t132,9638.144494021,N/A,N/A,1/N
t133,9629.46791328381,N/A,N/A,1/N
t134,9605.499646930675,N/A,N/A,1/N
t135,9413.962260237184,N/A,N/A,1/N
t136,9448.853399823949,N/A,N/A,1/N
t137,8793.976876732757,N/A,N/A,1/N
t138,8816.193261447692,N/A,N/A,1/N
t139,8879.584601569479,N/A,N/A,1/N
t140,8847.326623013034,N/A,N/A,1/N
t141,8896.214544714572,N/A,N/A,1/N
t142,8759.118871813665,N/A,N/A,1/N
t143,8824.903288065427,N/A,N/A,1/N
t144,8954.038208621188,N/A,N/A,1/N
t145,8760.787589974188,N/A,N/A,1/N
t146,9007.790477774895,N/A,N/A,1/N
t147,9440.029772313452,N/A,N/A,1/N
t148,9840.424059480294,N/A,N/A,1/N
t149,10293.532165219427,N/A,N/A,1/N
t150,10272.604619537906,N/A,N/A,1/N
t151,10559.394032272668,N/A,N/A,1/N
t152,10680.459426803853,N/A,N/A,1/N
t153,11414.01094547316,N/A,N/A,1/N
t154,11272.992947857216,N/A,N/A,1/N
t155,11512.406828670251,N/A,N/A,1/N
t156,11351.937322455851,N/A,N/A,1/N
t157,11382.288326654643,N/A,N/A,1/N
t158,11613.36067503414,N/A,N/A,1/N
t159,11473.503008451964,N/A,N/A,1/N
t160,11441.6302761541,N/A,N/A,1/N
t161,11645.77508269089,N/A,N/A,1/N
t162,12258.45973768824,N/A,N/A,1/N
t163,12903.377754896672,N/A,N/A,1/N
t1,11836.890552775392,N/A,N/A,B&H
t2,11114.487761374332,N/A,N/A,B&H
t3,10356.629328016472,N/A,N/A,B&H
t4,10976.233608166505,N/A,N/A,B&H
t5,11903.796485070874,N/A,N/A,B&H
t6,13458.368920213548,N/A,N/A,B&H
t7,14653.888065212599,N/A,N/A,B&H
t8,12446.513024410437,N/A,N/A,B&H
t9,12987.678714168229,N/A,N/A,B&H
t10,14275.155896078646,N/A,N/A,B&H
t11,14551.303305908694,N/A,N/A,B&H
t12,14036.383005666186,N/A,N/A,B&H
t13,14909.851721156047,N/A,N/A,B&H
t14,15256.151520871023,N/A,N/A,B&H
t15,16527.716386567998,N/A,N/A,B&H
t16,14536.442472706796,N/A,N/A,B&H
t17,15791.233620759604,N/A,N/A,B&H
t18,16849.154694651606,N/A,N/A,B&H
t19,16237.967191876094,N/A,N/A,B&H
t20,11834.573479584971,N/A,N/A,B&H
t21,11684.643541519525,N/A,N/A,B&H
t22,12302.142823541271,N/A,N/A,B&H
t23,11829.342599205556,N/A,N/A,B&H
t24,11468.532751458682,N/A,N/A,B&H
t25,10809.94201815107,N/A,N/A,B&H
t26,11192.195051810502,N/A,N/A,B&H
t27,11351.67934708255,N/A,N/A,B&H
t28,10775.663765112653,N/A,N/A,B&H
t29,11085.993387627688,N/A,N/A,B&H
t30,12032.84530751334,N/A,N/A,B&H
t31,12623.40602245878,N/A,N/A,B&H
t32,13527.463980753582,N/A,N/A,B&H
t33,13787.879722952057,N/A,N/A,B&H
t34,13888.709267817629,N/A,N/A,B&H
t35,14387.052624064298,N/A,N/A,B&H
t36,13117.67414503477,N/A,N/A,B&H
t37,13436.97481129717,N/A,N/A,B&H
t38,12648.610787481415,N/A,N/A,B&H
t39,13219.762550027282,N/A,N/A,B&H
t40,13985.899382383517,N/A,N/A,B&H
t41,14886.545867353265,N/A,N/A,B&H
t42,14989.536403811933,N/A,N/A,B&H
t43,15538.442419349247,N/A,N/A,B&H
t44,15637.695718715157,N/A,N/A,B&H
t45,16003.270533192368,N/A,N/A,B&H
t46,15126.060192515106,N/A,N/A,B&H
t47,14492.525790731826,N/A,N/A,B&H
t48,14427.20703436402,N/A,N/A,B&H
t49,13815.297924094035,N/A,N/A,B&H
t50,13382.38943363968,N/A,N/A,B&H
t51,14108.16330619577,N/A,N/A,B&H
t52,13379.841582546105,N/A,N/A,B&H
t53,12443.887930226483,N/A,N/A,B&H
t54,12416.349276873992,N/A,N/A,B&H
t55,10851.130565155623,N/A,N/A,B&H
t56,10926.054794875025,N/A,N/A,B&H
t57,11485.821749437304,N/A,N/A,B&H
t58,11545.134508493093,N/A,N/A,B&H
t59,11125.381471438493,N/A,N/A,B&H
t60,10997.387518148573,N/A,N/A,B&H
t61,10906.324650395956,N/A,N/A,B&H
t62,10648.969310241617,N/A,N/A,B&H
t63,11422.979539749294,N/A,N/A,B&H
t64,11907.854053526611,N/A,N/A,B&H
t65,12292.093256507229,N/A,N/A,B&H
t66,11722.303776633553,N/A,N/A,B&H
t67,11195.392666775202,N/A,N/A,B&H
t68,10968.977089295551,N/A,N/A,B&H
t69,10571.899054067266,N/A,N/A,B&H
t70,10241.958794393073,N/A,N/A,B&H
t71,9052.487852056938,N/A,N/A,B&H
t72,8762.981607704472,N/A,N/A,B&H
t73,8949.239941557362,N/A,N/A,B&H
t74,8971.023672851572,N/A,N/A,B&H
t75,8614.617499934955,N/A,N/A,B&H
t76,7044.7712643972145,N/A,N/A,B&H
t77,7464.928738752033,N/A,N/A,B&H
t78,7129.430349284243,N/A,N/A,B&H
t79,7471.7857811994745,N/A,N/A,B&H
t80,7354.562397636028,N/A,N/A,B&H
t81,7727.507543802061,N/A,N/A,B&H
t82,8143.326608966905,N/A,N/A,B&H
t83,8070.481371392395,N/A,N/A,B&H
t84,8442.57045670357,N/A,N/A,B&H
t85,8003.750455344294,N/A,N/A,B&H
t86,7675.997491141979,N/A,N/A,B&H
t87,7439.752163962632,N/A,N/A,B&H
t88,7800.922901167825,N/A,N/A,B&H
t89,7277.340241609561,N/A,N/A,B&H
t90,6912.9752036156415,N/A,N/A,B&H
t91,6814.776988873219,N/A,N/A,B&H
t92,6893.9689458603025,N/A,N/A,B&H
t93,6761.418907035821,N/A,N/A,B&H
t94,6983.545608903837,N/A,N/A,B&H
t95,7406.176972256951,N/A,N/A,B&H
t96,7323.915546958106,N/A,N/A,B&H
t97,7009.243880094984,N/A,N/A,B&H
t98,6935.960476235618,N/A,N/A,B&H
t99,7011.217567210748,N/A,N/A,B&H
t100,7145.562920888534,N/A,N/A,B&H
t101,6958.526572604671,N/A,N/A,B&H
t102,6749.576045593516,N/A,N/A,B&H
t103,6773.508221118824,N/A,N/A,B&H
t104,6736.198732067253,N/A,N/A,B&H
t105,6866.320099219459,N/A,N/A,B&H
t106,7272.191141543986,N/A,N/A,B&H
t107,7487.268671776126,N/A,N/A,B&H
t108,7649.00530296307,N/A,N/A,B&H
t109,7788.85484178347,N/A,N/A,B&H
t110,7519.89377387888,N/A,N/A,B&H
t111,7797.238795558011,N/A,N/A,B&H
t112,7496.2025897212125,N/A,N/A,B&H
t113,7506.276373771712,N/A,N/A,B&H
t114,7036.560345267463,N/A,N/A,B&H
t115,7627.763631538953,N/A,N/A,B&H
t116,7701.837341411646,N/A,N/A,B&H
t117,8005.9790783749195,N/A,N/A,B&H
t118,7992.198771506862,N/A,N/A,B&H
t119,8290.03577275687,N/A,N/A,B&H
t120,7929.285938358182,N/A,N/A,B&H
t121,8127.272781681183,N/A,N/A,B&H
t122,8133.420635661834,N/A,N/A,B&H
t123,7808.24138424084,N/A,N/A,B&H
t124,7935.620020845071,N/A,N/A,B&H
t125,7956.926711471554,N/A,N/A,B&H
t126,8119.430648228201,N/A,N/A,B&H
t127,8043.363125956055,N/A,N/A,B&H
t128,8119.219876044158,N/A,N/A,B&H
t129,8389.080752064692,N/A,N/A,B&H
t130,8509.248952346676,N/A,N/A,B&H
t131,8410.716927298097,N/A,N/A,B&H
t132,8561.025330562921,N/A,N/A,B&H
t133,8576.374453754886,N/A,N/A,B&H
t134,8593.224499745374,N/A,N/A,B&H
t135,8412.24882823126,N/A,N/A,B&H
t136,8422.561324594919,N/A,N/A,B&H
t137,7983.017219146396,N/A,N/A,B&H
t138,8021.372388899183,N/A,N/A,B&H
t139,8135.982088156784,N/A,N/A,B&H
t140,8074.424702707128,N/A,N/A,B&H
t141,8095.269912252612,N/A,N/A,B&H
t142,7923.4513813765125,N/A,N/A,B&H
t143,7936.236932449617,N/A,N/A,B&H
t144,8022.438214586396,N/A,N/A,B&H
t145,7927.351740475482,N/A,N/A,B&H
t146,7986.176392770052,N/A,N/A,B&H
t147,8162.309121218668,N/A,N/A,B&H
t148,8542.658989781155,N/A,N/A,B&H
t149,8850.694493983008,N/A,N/A,B&H
t150,8891.062161661188,N/A,N/A,B&H
t151,9092.226589210386,N/A,N/A,B&H
t152,9186.938913282413,N/A,N/A,B&H
t153,9649.2734977468,N/A,N/A,B&H
t154,9607.580647984232,N/A,N/A,B&H
t155,9778.239008827166,N/A,N/A,B&H
t156,9682.136372832481,N/A,N/A,B&H
t157,9663.33935551262,N/A,N/A,B&H
t158,9854.808121331815,N/A,N/A,B&H
t159,9791.549306691413,N/A,N/A,B&H
t160,9798.191565401887,N/A,N/A,B&H
t161,9962.050822525694,N/A,N/A,B&H
t162,10381.805405621915,N/A,N/A,B&H
t163,10833.297746638016,N/A,N/A,B&H
